time,open,high,low,close,Volume,Volume MA
1580774400,254141533100.92252,258013537664.12146,247153925830.0581,252363443910.68466,NaN,NaN
1580860800,252423296715.89948,272084775965.41852,250863276055.15057,266486531704.1876,NaN,NaN
1580947200,266888825836.5591,275551437822.49634,261806321218.4867,271193925981.81482,NaN,NaN
1581033600,271646648168.82803,277582202567.6702,268732217684.2846,273853088103.2484,NaN,NaN
1581120000,273839132313.01962,282439630414.0909,266857429673.04846,277548477264.84796,NaN,NaN
1581206400,277076749134.9017,286775345867.9304,274912978264.80426,284574399856.7043,NaN,NaN
1581292800,285593529162.89325,288899694739.68726,271178561893.2255,277913046209.373,NaN,NaN
1581379200,278462576773.7417,295605363669.5591,272341067579.663,290962435660.08636,NaN,NaN
1581465600,289528989468.0856,303420241071.2656,288247564989.38904,297171792199.1214,NaN,NaN
1581552000,297381831708.8921,306499575588.6303,286754702500.75964,295980740602.1987,NaN,NaN
1581638400,295820198489.84247,305163636563.95483,290131340838.9643,302837442288.80237,NaN,NaN
1581724800,302918730444.4458,305620965176.2421,278652565440.4847,284995676158.019,NaN,NaN
1581811200,285164766796.7924,291875349347.3842,267891240773.76132,281854937930.5272,NaN,NaN
1581897600,281680859684.20844,286651467976.2431,264225196745.7211,278287502855.5555,NaN,NaN
1581984000,278740687464.03534,296872579573.12213,272548427705.99286,291729884563.2003,NaN,NaN
1582070400,291838720769.2133,297038301825.14166,263317339377.65683,272811225845.7095,NaN,NaN
1582156800,272705654532.77545,278129410190.29004,264060836280.2359,272703718254.65234,NaN,NaN
1582243200,272599240688.67328,280009350208.48645,270428449304.42697,276138452492.61395,NaN,NaN
1582329600,276335454988.702,278273582248.6963,271029322230.9355,274971376906.98016,NaN,NaN
1582416000,274985157496.65106,286986924007.9982,274514261740.40628,284966404794.0952,NaN,NaN
1582502400,285040014817.72565,287380574188.5354,268004446878.07837,274595245839.69467,NaN,NaN
1582588800,274520233428.92545,275701527638.7094,259133752765.9271,261834729137.97183,NaN,NaN
1582675200,261738057188.4898,264744466521.77606,236813719961.13934,243968986488.90662,NaN,NaN
1582761600,243826943186.14954,253069942176.17245,235016241994.95135,246209786885.03082,NaN,NaN
1582848000,246144195857.60443,249960084650.71707,233543567729.44745,243165463215.472,NaN,NaN
1582934400,243265538150.21097,247827569034.52673,236707584593.8427,237638986684.99173,NaN,NaN
1583020800,238175877892.362,245810912925.44162,233193798058.04364,237643544547.15378,NaN,NaN
1583107200,237677110188.8744,252733084971.41553,236234916252.0868,249936659030.93326,NaN,NaN
1583193600,249955104261.84048,251113481630.73322,241540265510.54205,245221512691.7193,NaN,NaN
1583280000,245390852255.58127,249569302263.99005,241432933794.87924,245352326179.43088,NaN,NaN
1583366400,245578379999.10153,257951047174.06964,244221131791.22,253178862954.30807,NaN,NaN
1583452800,253140291745.3823,259527822605.88568,251113860367.50916,258191886521.1243,NaN,NaN
1583539200,258329964235.9823,261273724767.3872,248245519621.20547,249960304969.4645,NaN,NaN
1583625600,249994461862.68018,250585899552.6603,219730834017.1354,221952612671.4215,NaN,NaN
1583712000,222115648597.73355,228940033275.01773,204283112941.12555,220763523095.512,NaN,NaN
1583798400,221281878428.46954,228480696720.75647,214410850385.69516,220450076594.1495,NaN,NaN
1583884800,220458518364.05142,224342219018.21024,208742866275.01898,219758467056.93567,NaN,NaN
1583971200,219834460638.14172,222325989837.68332,127044663907.88077,135471365013.5827,NaN,NaN
1584057600,134967849947.96703,170819608472.23972,108140467010.56686,157905595540.0929,NaN,NaN
1584144000,158595835947.653,163699659093.26324,142245606306.5522,145979452766.8827,NaN,NaN
1584230400,144297021739.36807,166686849952.63504,140876564290.78064,148951200577.5068,NaN,NaN
1584316800,149181689415.8058,150422399182.76114,123674782783.40205,139409293986.53494,NaN,NaN
1584403200,139975017322.9759,155335748394.6122,136357024838.32146,147709066088.90744,NaN,NaN
1584489600,147419053791.26178,151945370120.7588,138535684908.08298,150011481036.2501,NaN,NaN
1584576000,149934843027.0449,179700278401.21417,145084557126.44623,170760800116.87943,NaN,NaN
1584662400,170944327137.69296,193210333651.53503,154013272973.18643,169751122661.0475,NaN,NaN
1584748800,169898324628.24405,177655157078.2768,160509856841.37207,170145638593.3323,NaN,NaN
1584835200,169887605026.04404,176536688599.66794,156600432061.6824,159598185281.87146,NaN,NaN
1584921600,159159567279.55554,181139029664.78772,154918860168.73126,176339763745.2837,NaN,NaN
1585008000,176494397838.59702,186733618460.60168,172950021436.47803,182804362256.58856,NaN,NaN
1585094400,182573362293.68283,188890598706.33337,174040503869.03198,180405408030.79858,NaN,NaN
1585180800,180498847826.3626,184812013940.6632,175777740155.15372,182904931502.3699,NaN,NaN
1585267200,183346740094.85983,188032888091.27667,170112074276.71588,173931504852.6854,NaN,NaN
1585353600,173885092869.36426,175685777351.54007,164563154189.38675,171752514120.93106,NaN,NaN
1585440000,171972954327.70657,173291213534.31305,161200901521.73505,162033142068.25208,NaN,NaN
1585526400,161991497803.36957,181995463947.50876,160329838263.77066,175086226460.0059,NaN,NaN
1585612800,176604191943.30075,181334335280.75284,174310164191.22928,177384079722.402,NaN,NaN
1585699200,177405248600.06982,185365248286.9056,169486831439.59573,182657385662.74228,NaN,NaN
1585785600,182795232140.5304,199558577451.8156,179879569522.3901,186619538749.675,NaN,NaN
1585872000,186647016208.89767,194180226434.03192,181616025632.18756,186055211043.22443,NaN,NaN
1585958400,185993962694.24344,193622046283.89743,183234443134.8035,189309098149.874,NaN,NaN
1586044800,189879262255.8629,190909540827.3532,183636208799.44894,186748926132.5133,NaN,NaN
1586131200,187003012338.36563,206418965327.98923,186516649088.2525,205105331500.60297,NaN,NaN
1586217600,204842522132.0256,210169612948.6379,196319964213.86115,200786185834.62283,NaN,NaN
1586304000,200657858274.26587,209735532410.43167,198901884943.30893,207387314714.19968,NaN,NaN
1586390400,207194168746.8693,209325074503.92972,199492463112.69897,205622358687.97308,NaN,NaN
1586476800,205360258841.59558,206142002315.76596,187919157061.42865,192687850179.8877,NaN,NaN
1586563200,192916986822.36908,195928806728.23523,189345590343.62668,193303560228.8807,NaN,NaN
1586649600,193293094647.2419,202487112028.32278,189939937729.0154,193746964147.0179,NaN,NaN
1586736000,193812126335.7673,194667330690.3256,183495260122.13507,192311770362.80286,NaN,NaN
1586822400,192451662263.88593,196673249076.0134,189434665343.00916,192808155489.5656,NaN,NaN
1586908800,193581649636.84537,196134978760.75458,185883838944.2558,186805456823.15784,NaN,NaN
1586995200,186994742630.4385,206297709143.7237,182000876869.44055,201270146033.99774,NaN,NaN
1587081600,201348024857.17487,203158164102.3269,197162726722.45935,199137317046.81265,NaN,NaN
1587168000,199211951032.58182,209187220193.826,198560226461.87485,207286233464.4467,NaN,NaN
1587254400,207457868752.532,208446640635.23874,200200172663.4948,202788347334.09222,NaN,NaN
1587340800,202624110898.60458,206808013810.66193,191366765742.883,194327048954.95566,NaN,NaN
1587427200,194215892186.48453,198521887728.19983,191881572215.26572,195028821744.0702,NaN,NaN
1587513600,194936646181.65488,204750411268.54358,193823331333.4597,203246888077.4662,NaN,NaN
1587600000,203196784389.14,220969244957.74454,198582678927.4965,212644745866.11453,NaN,NaN
1587686400,212753949552.61533,216317028187.05963,208394365312.72104,212595715526.86734,NaN,NaN
1587772800,212550247609.16843,219966420868.57837,209815584436.21823,214413320118.60596,NaN,NaN
1587859200,214888213222.14975,219986785794.07928,211932462986.01135,218324973354.63943,NaN,NaN
1587945600,218680793697.95734,222167073098.48245,214815798774.09033,220006492905.16138,NaN,NaN
1588032000,220290767938.19223,222748336784.36136,215635327517.24387,220955843243.81,NaN,NaN
1588118400,220747099272.60382,253522993528.9521,216665784042.97433,244975647056.5332,NaN,NaN
1588204800,245108803141.87546,264192402024.4135,231632662517.9655,238550638284.9624,NaN,NaN
1588291200,238618801956.92853,252178070913.3035,237437901067.9761,244056544752.8061,NaN,NaN
1588377600,244323292259.4509,250432253018.8533,241344950363.64905,248213613941.0693,NaN,NaN
1588464000,248262091743.81882,254695259351.28723,239712242449.28342,245285269637.25394,NaN,NaN
1588550400,245563305678.62036,247684588839.80447,233014224665.7217,243994393871.9609,NaN,NaN
1588636800,244384587699.7092,251250527760.01196,239559657745.3299,246943173240.33902,NaN,NaN
1588723200,246948370525.71567,257724712106.2609,241225365342.541,247199944240.48663,NaN,NaN
1588809600,247344280523.54523,271557849567.26245,241783720385.80707,266498046002.61633,NaN,NaN
1588896000,266576299919.4421,270336840325.54703,259057774432.90747,263168515491.91565,NaN,NaN
1588982400,263409738460.47665,268598212189.43396,255611836547.1889,258134904109.7903,NaN,NaN
1589068800,257627665022.1215,260743355981.23633,218575206594.7661,235995560648.86606,NaN,NaN
1589155200,236906444692.61487,249190394429.64813,220629502530.73843,232880897059.3569,NaN,NaN
1589241600,232947768717.88693,244688360914.69446,230717769021.77863,239304365642.05618,NaN,NaN
1589328000,239188811696.88632,255005057346.72113,237160077592.96036,250779497985.3357,NaN,NaN
1589414400,253360999462.42648,269424684003.14786,248773873986.24326,263017770933.1606,NaN,NaN
1589500800,263403095311.35754,266226863392.27844,245418391791.88696,251568741464.2526,NaN,NaN
1589587200,251598119385.9921,260251167123.26254,248721602994.11014,254488282923.03384,NaN,NaN
1589673600,254365273681.94595,267970679548.93246,251594352700.49396,260766380029.6032,NaN,NaN
1589760000,260995223903.95004,271177932821.59344,254779407267.2766,263825705593.4419,NaN,NaN
1589846400,263476285719.20828,268690687663.88947,255460934603.4459,264898280782.18048,NaN,NaN
1589932800,264617246797.98703,267611543501.51263,246731918304.88907,258512861111.28516,NaN,NaN
1590019200,258346270782.95053,261438920055.60916,239072419665.6924,246904548277.8924,NaN,NaN
1590105600,246730492516.95108,255318685140.69424,242775533731.3938,251730412173.58737,NaN,NaN
1590192000,251809848953.08237,256380716356.01102,248498775605.27838,251618088307.21115,NaN,NaN
1590278400,251663058170.08365,256789630381.27524,238128520761.08197,240517154082.92868,NaN,NaN
1590364800,240241640000.7574,248961187241.60117,237061276813.78482,245794327213.11182,NaN,NaN
1590451200,245873711512.7554,249395019562.1663,239320036791.71933,243907132125.0838,NaN,NaN
1590537600,243931239856.4179,255035592815.30145,241874463192.0762,252543722179.12003,NaN,NaN
1590624000,252630382685.9561,264240205328.32367,239790549333.29016,262026503292.80692,NaN,NaN
1590710400,262250488679.14493,264815678690.5395,255347790460.81552,259063679622.10355,NaN,NaN
1590796800,259201294882.936,272672949947.709,256052643702.9352,269639900244.42178,NaN,NaN
1590883200,269613711228.4792,271802626134.89087,258998632059.52844,261669229419.8762,NaN,NaN
1590969600,268755000000,297037000000,266479000000,288136000000,NaN,NaN
1591056000,288588000000,293263000000,259556000000,272973000000,NaN,NaN
1591142400,272884000000,279266000000,268226000000,277588000000,NaN,NaN
1591228800,277639000000,284987000000,269387000000,280205000000,NaN,NaN
1591315200,280119000000,283526000000,274015000000,276164000000,NaN,NaN
1591401600,276093000000,280671000000,273039000000,277750000000,NaN,NaN
1591488000,277787000000,282849000000,267995000000,279588000000,NaN,NaN
1591574400,279711000000,282213000000,275726000000,280458000000,NaN,NaN
1591660800,280606000000,284973000000,272120000000,280052000000,NaN,NaN
1591747200,280161000000,287465000000,273718000000,283331000000,NaN,NaN
1591833600,283357000000,286673000000,258665000000,264609000000,NaN,NaN
1591920000,264636000000,274420000000,263046000000,270955000000,NaN,NaN
1592006400,271072000000,272972000000,267065000000,271460000000,NaN,NaN
1592092800,271588000000,272214000000,263662000000,266741000000,NaN,NaN
1592179200,267381000000,272764000000,253416000000,269489000000,NaN,NaN
1592265600,269486000000,274930000000,266914000000,272352000000,NaN,NaN
1592352000,272336000000,275060000000,263815000000,271074000000,NaN,NaN
1592438400,271026000000,272513000000,264227000000,268398000000,NaN,NaN
1592524800,268304000000,270577000000,263236000000,266278000000,NaN,NaN
1592611200,265847000000,269722000000,260973000000,267538000000,NaN,NaN
1592697600,267529000000,270154000000,264668000000,265657000000,NaN,NaN
1592784000,266061000000,281808000000,264702000000,277196000000,NaN,NaN
1592870400,277329000000,279896000000,273517000000,276192000000,NaN,NaN
1592956800,276143000000,279174000000,263425000000,267165000000,NaN,NaN
1593043200,267171000000,269419000000,258218000000,265668000000,NaN,NaN
1593129600,265664000000,268110000000,258826000000,263438000000,NaN,NaN
1593216000,263459000000,264978000000,250628000000,257297000000,NaN,NaN
1593302400,257267000000,263904000000,254535000000,260986000000,NaN,NaN
1593388800,261101000000,265854000000,257398000000,263527000000,NaN,NaN
1593475200,263467000000,264718000000,259037000000,261810000000,NaN,NaN
1593561600,261985000000,268029000000,259853000000,265421000000,NaN,NaN
1593648000,265559000000,267516000000,256338000000,261544000000,NaN,NaN
1593734400,261597000000,264295000000,259183000000,261354000000,NaN,NaN
1593820800,261113000000,266615000000,260360000000,264342000000,NaN,NaN
1593907200,264426000000,265490000000,256677000000,262660000000,NaN,NaN
1593993600,262648000000,274774000000,261578000000,273110000000,NaN,NaN
1594080000,273105000000,276375000000,267629000000,271611000000,NaN,NaN
1594166400,271034000000,281426000000,269466000000,278806000000,NaN,NaN
1594252800,279644000000,285413000000,269274000000,273990000000,NaN,NaN
1594339200,274067000000,277106000000,266263000000,274203000000,NaN,NaN
1594425600,274517000000,277235000000,270751000000,274108000000,NaN,NaN
1594512000,274006000000,279256000000,270400000000,276695000000,NaN,NaN
1594598400,274627000000,278449000000,269070000000,271950000000,NaN,NaN
1594684800,272030000000,275255000000,266850000000,273253000000,NaN,NaN
1594771200,273381000000,275580000000,269236000000,271926000000,NaN,NaN
1594857600,274150000000,275881000000,265861000000,271299000000,NaN,NaN
1594944000,271373000000,275837000000,268562000000,271924000000,NaN,NaN
1595030400,272011000000,275675000000,270109000000,273438000000,NaN,NaN
1595116800,273457000000,277139000000,270012000000,274971000000,NaN,NaN
1595203200,275075000000,276494000000,269975000000,272027000000,NaN,NaN
1595289600,272033000000,282237000000,270705000000,279227000000,NaN,NaN
1595376000,280034000000,288994000000,275888000000,286257000000,NaN,NaN
1595462400,286416000000,293930000000,282544000000,289803000000,NaN,NaN
1595548800,289885000000,292895000000,283790000000,287793000000,NaN,NaN
1595635200,287858000000,299514000000,286907000000,297037000000,NaN,NaN
1595721600,297203000000,313621000000,291582000000,301851000000,NaN,NaN
1595808000,301774000000,345080000000,292643000000,325422000000,NaN,NaN
1595894400,325383000000,335376000000,310459000000,324587000000,NaN,NaN
1595980800,324495000000,338403000000,319530000000,328014000000,NaN,NaN
1596067200,327848000000,335374000000,319481000000,330924000000,NaN,NaN
1596153600,330942000000,343720000000,324857000000,338241000000,NaN,NaN
1596240000,338318000000,360711000000,332943000000,356863000000,NaN,NaN
1596326400,356660000000,371813000000,313092000000,336723000000,NaN,NaN
1596412800,336883000000,354485000000,331832000000,344597000000,NaN,NaN
1596499200,344728000000,353520000000,335551000000,344169000000,NaN,NaN
1596585600,344246000000,362273000000,337435000000,357082000000,NaN,NaN
1596672000,357274000000,364630000000,349859000000,357851000000,NaN,NaN
1596758400,357913000000,364275000000,336696000000,351310000000,NaN,NaN
1596844800,351249000000,362251000000,347945000000,359420000000,NaN,NaN
1596931200,359320000000,363685000000,349661000000,356916000000,NaN,NaN
1597017600,357127000000,371358000000,348559000000,363587000000,NaN,NaN
1597104000,363615000000,367711000000,337273000000,347874000000,NaN,NaN
1597190400,347700000000,358582000000,337967000000,355032000000,NaN,NaN
1597276800,355220000000,370456000000,344155000000,365907000000,NaN,NaN
1597363200,366174000000,373981000000,359886000000,368575000000,NaN,NaN
1597449600,368455000000,378652000000,361097000000,371070000000,NaN,NaN
1597536000,371381000000,377974000000,362681000000,374781000000,NaN,NaN
1597622400,374801000000,394602000000,364366000000,382193000000,NaN,NaN
1597708800,382214000000,388965000000,364696000000,372116000000,NaN,NaN
1597795200,371957000000,376153000000,354234000000,363205000000,NaN,NaN
1597881600,363406000000,371809000000,359427000000,369182000000,NaN,NaN
1597968000,369115000000,374364000000,351747000000,354908000000,NaN,NaN
1598054400,354812000000,363739000000,347923000000,361407000000,NaN,NaN
1598140800,361852000000,364989000000,353885000000,360286000000,NaN,NaN
1598227200,360536000000,370475000000,357134000000,366297000000,NaN,NaN
1598313600,366092000000,367955000000,340606000000,350592000000,NaN,NaN
1598400000,350655000000,359859000000,346538000000,354617000000,NaN,NaN
1598486400,354550000000,360586000000,340144000000,348826000000,NaN,NaN
1598572800,348912000000,358931000000,345923000000,356507000000,NaN,NaN
1598659200,356643000000,362615000000,352142000000,356863000000,NaN,NaN
1598745600,356901000000,369678000000,355151000000,367060000000,NaN,NaN
1598832000,370619000000,375804000000,363594000000,369167000000,NaN,NaN
1598918400,369342000000,389520000000,362090000000,382168000000,NaN,NaN
1599004800,382277000000,386175000000,350801000000,362791000000,NaN,NaN
1599091200,362971000000,369410000000,312112000000,321129000000,NaN,NaN
1599177600,322500000000,341947000000,312651000000,331633000000,NaN,NaN
1599264000,331958000000,338143000000,301642000000,314690000000,NaN,NaN
1599350400,315132000000,328121000000,306709000000,321989000000,NaN,NaN
1599436800,322060000000,328966000000,306203000000,324552000000,NaN,NaN
1599523200,324748000000,328895000000,306095000000,316611000000,NaN,NaN
1599609600,316900000000,327833000000,311506000000,322279000000,NaN,NaN
1599696000,322333000000,334957000000,321081000000,327754000000,NaN,NaN
1599782400,327946000000,332291000000,321101000000,330290000000,NaN,NaN
1599868800,330636000000,337002000000,325283000000,334847000000,NaN,NaN
1599955200,335055000000,340744000000,322011000000,328410000000,NaN,NaN
1600041600,328677000000,342935000000,322886000000,337182000000,NaN,NaN
1600128000,337931000000,347181000000,330117000000,335924000000,NaN,NaN
1600214400,335983000000,346496000000,329151000000,339487000000,NaN,NaN
1600300800,339677000000,349397000000,332671000000,343540000000,NaN,NaN
1600387200,343913000000,348575000000,337039000000,342349000000,NaN,NaN
1600473600,342781000000,351029000000,338876000000,345775000000,NaN,NaN
1600560000,345579000000,347640000000,332402000000,339248000000,NaN,NaN
1600646400,339513000000,343268000000,315165000000,320857000000,NaN,NaN
1600732800,321188000000,328150000000,317684000000,325217000000,NaN,NaN
1600819200,325086000000,326814000000,309285000000,313031000000,NaN,NaN
1600905600,313390000000,334077000000,311047000000,330909000000,NaN,NaN
1600992000,330700000000,336037000000,323747000000,332284000000,NaN,NaN
1601078400,332549000000,338645000000,329247000000,333916000000,NaN,NaN
1601164800,334498231143.90857,339357013675.4258,328417191023.3238,336328125147.674,NaN,NaN
1601251200,336458664395.1067,344316166754.2931,329941941469.0175,333692518931.1529,NaN,NaN
1601337600,333550037178.1437,341176797228.72375,330260869759.83734,338343679366.5361,NaN,NaN
1601424000,338441517332.9682,341067231520.6987,331183304892.1599,337393997941.4683,NaN,NaN
1601510400,337473333911.65326,344744682777.33575,325084418179.64954,332258544683.2553,NaN,NaN
1601596800,331986111158.49554,334687595418.7695,320031593902.0068,328436121845.895,NaN,NaN
1601683200,328345617877.5813,331715274373.2891,325524181073.9892,328415643877.6106,NaN,NaN
1601769600,328048533458.8222,334773235068.41187,325884487432.06616,332590981309.0709,NaN,NaN
1601856000,332612825072.8543,338216862195.5478,329334165766.6241,335256201878.5294,NaN,NaN
1601942400,335086827619.8065,337339152730.3863,323125801293.6476,326737964746.60065,NaN,NaN
1602028800,326658537502.4586,330863967490.9842,322516489526.6949,329066488524.7953,NaN,NaN
1602115200,329200106785.95844,339331113609.9764,322868673671.648,336560726221.0158,NaN,NaN
1602201600,336675143132.1756,346531755175.8404,332915627218.4165,342906574505.16736,NaN,NaN
1602288000,343244111191.0522,357752542594.578,341365628559.8266,349093622938.4083,NaN,NaN
1602374400,349037452881.9608,355448946972.0143,346679824032.2353,351695120891.1183,NaN,NaN
1602460800,351382504700.04895,364784656625.60693,343890693099.57275,357035406939.53516,NaN,NaN
1602547200,357206574950.8067,360301615091.0706,349089722495.924,354248732113.536,NaN,NaN
1602633600,356780238134.4926,366540687987.6289,349060463328.83936,354595306551.05835,NaN,NaN
1602720000,353248121371.4724,364258699532.9831,346035046076.024,355096517648.425,NaN,NaN
1602806400,355700095700.357,358661789185.7539,343096460616.3452,348117616555.097,NaN,NaN
1602892800,348415963605.851,352578874146.8497,345176000117.4646,349539522514.7944,NaN,NaN
1602979200,349553666371.387,356555763593.3074,348241412173.26666,354753118616.9396,NaN,NaN
1603065600,354751065149.00037,364667311003.69147,348188119624.6841,359043090636.41626,NaN,NaN
1603152000,358957258099.47217,368427553734.4741,347727184819.5981,358226563530.9988,NaN,NaN
1603238400,358355328907.20447,396526242173.1733,353924491272.45044,380208719110.779,NaN,NaN
1603324800,380363967508.7337,397613405973.5623,376261301880.79236,388857613784.92316,NaN,NaN
1603411200,389033212194.4247,393370878914.6614,379750072921.73865,387885357732.20935,NaN,NaN
1603497600,387982667559.91943,397135088394.8227,384681269225.69714,393362392922.86176,NaN,NaN
1603584000,393174384045.25195,403124900400.9645,384896670376.71985,390813568280.6514,NaN,NaN
1603670400,391030356997.9466,398932791408.0719,378232767326.81805,388472714942.5426,NaN,NaN
1603756800,388633778669.07965,410321090528.4558,384363864779.8041,401439950714.34796,NaN,NaN
1603843200,401325957923.8871,410148360171.4746,377665189254.8618,390531257357.5374,NaN,NaN
1603929600,390868204649.3446,402898085130.2155,378466263865.5736,392603492873.7778,NaN,NaN
1604016000,392339463198.08875,400943634168.4672,379178000205.803,393344595915.172,NaN,NaN
1604102400,393584143813.6527,410850027040.5481,387633423971.166,400357809166.9737,NaN,NaN
1604188800,399939127649.9663,411897049989.4741,393477043016.5606,401162840710.781,NaN,NaN
1604275200,401241469317.1663,406133272956.6788,382841592944.17883,392980304265.6939,NaN,NaN
1604361600,393279719022.96545,407560340700.80817,379404908486.22644,401041221477.43384,NaN,NaN
1604448000,401065993891.5765,410862917904.2955,384789244040.1865,405038110016.318,NaN,NaN
1604534400,405527792872.3587,448846971938.8468,394750566280.9243,435188305194.116,NaN,NaN
1604620800,435443388133.45294,456180761233.12787,424040547069.28864,444527415817.034,NaN,NaN
1604707200,445021679400.63135,455434903091.0529,409481899201.3519,424629254495.7095,NaN,NaN
1604793600,424378294248.05475,449252565572.88806,419097928236.74286,441355256307.0606,NaN,NaN
1604880000,441373653589.4904,454286912362.81836,421369944489.5607,437519165179.7054,NaN,NaN
1604966400,438141397036.73724,446909565801.7094,429301145067.7894,438815243854.45526,NaN,NaN
1605052800,439036877814.66,460908123964.92596,435272959777.40216,448072979194.0128,NaN,NaN
1605139200,448033205347.9843,466780991901.5442,436271652696.0439,458483915706.8686,NaN,NaN
1605225600,458771107615.4511,471116624617.98883,448571230184.9417,464287751329.6054,NaN,NaN
1605312000,464491705876.05865,467395834553.73425,445334209640.14795,456785825059.2724,NaN,NaN
1605398400,457049381161.66296,461487535966.19836,445154939628.27203,451828133431.2573,NaN,NaN
1605484800,451579094029.89935,478843800098.3651,445415945764.03516,470239232579.13855,NaN,NaN
1605571200,469578672161.26605,503595367757.2856,460751608084.5201,492890634488.2615,NaN,NaN
1605657600,492518198285.66907,514872280253.0686,468558575295.8672,491917381685.3355,NaN,NaN
1605744000,492285221321.59283,505336354928.9249,476956264586.39514,492876733788.94293,NaN,NaN
1605830400,492913254380.2127,525548639757.1781,488333097936.43713,517521010253.1401,NaN,NaN
1605916800,517504472508.64105,544201815986.1243,506540061844.5037,536112004291.74554,NaN,NaN
1606003200,536398329138.9342,545249658149.73334,498307609877.3472,528241637173.2765,NaN,NaN
1606089600,529002100743.6926,558821197016.018,515791827185.2984,546875287212.06085,NaN,NaN
1606176000,547338253817.0701,593323916705.2871,527143526338.0818,569290411863.0911,NaN,NaN
1606262400,571237123665.8088,586108159047.458,537220772956.619,550707867459.2272,NaN,NaN
1606348800,550864974003.5844,561023524224.2952,467225795549.4824,503426102067.39484,NaN,NaN
1606435200,503879197090.18524,518452488471.7384,480197220512.00366,505109236238.94086,NaN,NaN
1606521600,505349149896.2656,534389753251.1109,494603329352.1449,524401328612.4395,NaN,NaN
1606608000,524062347971.11127,545713653982.6749,514354990434.6426,537924391132.5878,NaN,NaN
1606694400,538217176114.5052,589377079176.063,531485989175.7169,577835410160.2156,NaN,NaN
1606780800,577961958542.4268,589923853907.5972,525086955901.4938,549684826158.3099,NaN,NaN
1606867200,549979858182.3771,570623507997.5002,535917933004.2468,563798440358.2301,NaN,NaN
1606953600,563672323096.073,578935895125.2549,552009512197.5192,571082430134.2467,NaN,NaN
1607040000,571122553306.4519,577071913889.1594,537316916807.8229,542096530248.81885,NaN,NaN
1607126400,541387874174.2673,562223143385.1188,535970606993.1229,559773327767.9325,NaN,NaN
1607212800,559891582934.4691,570422747481.3041,548960974388.91125,565876125951.9249,NaN,NaN
1607299200,566061569963.0947,569869041421.6805,549786654124.651,559624885268.5105,NaN,NaN
1607385600,560453062650.0431,565103267110.3398,525297303872.8819,532535718513.8926,NaN,NaN
1607472000,532654801344.8381,549651508028.9326,509653484667.9817,542764813891.4432,NaN,NaN
1607558400,541867257218.1331,544372869123.3504,520863785460.2434,532007102733.5281,NaN,NaN
1607644800,532064753636.1686,535362767410.43274,508982559430.5383,523196364519.4657,NaN,NaN
1607731200,523043514266.6885,550873427386.7499,518843582793.8751,542185839948.6805,NaN,NaN
1607817600,541724738553.4438,563187410771.0298,534619786069.99457,554133386510.6805,NaN,NaN
1607904000,554066954367.6469,561141972471.2627,544966718371.97,555588563459.4822,NaN,NaN
1607990400,555635948878.7812,566114248748.5734,545446011200.6586,557875044489.869,NaN,NaN
1608076800,557783692455.4221,620752979302.6052,546469661629.3802,609679205011.7001,NaN,NaN
1608163200,609825687677.7188,679197233337.9955,591798436042.3584,637811623411.63,NaN,NaN
1608249600,638158027147.8086,658141425632.6729,622503012613.2859,647310817413.6301,NaN,NaN
1608336000,647606187863.1698,680618190899.3075,631216501180.4551,662096522018.7955,NaN,NaN
1608422400,662264635691.9791,679453406011.1266,636118842279.5859,650876440776.6085,NaN,NaN
1608508800,650796395318.3158,671505141481.9551,601714499559.8213,627222847248.8348,NaN,NaN
1608595200,627727413134.3783,658845684771.5029,608353393160.3835,650704351437.8225,NaN,NaN
1608681600,650905381692.1677,660502065709.9039,591223492777.2639,616317149719.1888,NaN,NaN
1608768000,615511240071.1971,644128822214.1842,599099605381.8328,638747609345.1886,NaN,NaN
1608854400,639342631835.0377,672382146869.9479,623074145243.7054,659886280084.2924,NaN,NaN
1608940800,660171776229.4769,715522626226.2542,642769210714.915,693856202695.5338,NaN,NaN
1609027200,694222027012.5151,754406872780.0646,664634739607.3834,695068319531.6501,NaN,NaN
1609113600,694934855255.7233,738610753014.2341,684403130631.1744,718887975432.3186,NaN,NaN
1609200000,719133347255.3828,734532647047.0806,678786907469.104,724883768967.8447,NaN,NaN
1609286400,724820562907.5654,768992219617.7761,712740776234.1403,754601878050.6364,NaN,NaN
1609372800,755123167555.8682,772521929150.0823,725492390665.939,759201367397.3368,NaN,NaN
1609459200,759916083129.736,783435798090.0656,745168787580.156,766002746233.2635,NaN,NaN
1609545600,766198831637.7902,865830270077.1464,740422000954.3193,825342841900.624,NaN,NaN
1609632000,825749307367.0845,924877200910.0695,807344425066.3165,874620223357.6276,NaN,NaN
1609718400,875041440882.1229,925158354258.0712,735699155402.2623,863680786080.1676,NaN,NaN
1609804800,864631228976.0543,943180837983.5295,799546344519.7275,913620548285.2266,NaN,NaN
1609891200,914961841160.5066,1016574142465.659,885957132546.6357,991860497237.8872,NaN,NaN
1609977600,993821478169.0414,1097719115543.9446,956120830335.7617,1045764442874.231,NaN,NaN
1610064000,1046495897280.5594,1115329737208.881,954061896230.4008,1066070790406.5256,NaN,NaN
1610150400,1066936929828.152,1113793183866.1948,1013617390365.9918,1077297027742.1226,NaN,NaN
1610236800,1078540841511.0356,1131705649834.9128,919988021898.8088,1033108510287.1504,NaN,NaN
1610323200,1032836626953.3762,1040938975332.1346,803970458724.6102,946416716280.23,NaN,NaN
1610409600,946056075641.9868,993258225760.1864,867043008303.6838,915120702731.391,NaN,NaN
1610496000,915130277505.9348,1022635096766.9023,865302380554.7653,1000264183348.0198,NaN,NaN
1610582400,1000806355551.5952,1083275516505.5477,971713621349.2103,1050855279159.6948,NaN,NaN
1610668800,1051426748151.8181,1081561094947.4316,922824897257.3735,996453965418.3239,NaN,NaN
1610755200,996963815412.2086,1057738410940.8071,957413630241.509,997388839571.0657,NaN,NaN
1610841600,997798796749.4602,1033314056133.1947,935035266130.2982,997372372346.5908,NaN,NaN
1610928000,997284557593.4651,1048775949773.6527,958445063438.6478,1017753283655.4784,NaN,NaN
1611014400,1020212794644.6329,1080420973685.4995,992807268232.1283,1015243909190.9115,NaN,NaN
1611100800,1014975075542.5763,1042562639623.9655,935989680367.6271,1012379117315.8823,NaN,NaN
1611187200,1013163724239.581,1023539817197.1094,848262322280.0962,873845199533.0687,NaN,NaN
1611273600,873826060351.015,974922556443.3853,812585643337.1746,939703590185.4119,NaN,NaN
1611360000,939965612806.8253,970990864202.8866,896000968813.6968,928079433270.4348,NaN,NaN
1611446400,927870755569.4182,980376279008.8059,893092851189.0536,952971028043.8998,NaN,NaN
1611532800,953291280762.3752,1038214912219.3025,923995339389.0519,939613905240.2882,NaN,NaN
1611619200,939561831228.9579,969975750527.0602,893704331163.3597,951680099502.1515,NaN,NaN
1611705600,952542319018.29,960396408702.7396,847357155814.4263,888307790598.3517,NaN,NaN
1611792000,888738184390.5815,1004357118586.3384,866498953956.5225,972129873557.616,NaN,NaN
1611878400,972548683424.3771,1136180574418.805,902909423983.7849,995483118814.9028,NaN,NaN
1611964800,997085702519.5405,1038816850709.8993,947205506331.2422,1007885093617.1459,NaN,NaN
1612051200,1007642542252.3215,1025611840078.7726,941021010959.1138,977898447907.7048,NaN,NaN
1612137600,977383148542.0552,1051717820188.6403,938941739103.3633,994603092867.036,NaN,NaN
1612224000,1001498697119.8679,1088619441372.9186,979480958066.2832,1052596684634.3325,NaN,NaN
1612310400,1051816108916.8141,1111007968616.2417,1039040380115.0162,1091165876553.292,NaN,NaN
1612396800,1125805019250.8528,1175985516233.1667,1068491666028.077,1108563811420.1948,NaN,NaN
1612483200,1109794097038.1372,1185246757669.7283,1090338846606.7316,1166138199059.0251,NaN,NaN
1612569600,1166954428199.3967,1256593089349.2842,1125172479660.9717,1181215697616.4094,NaN,NaN
1612656000,1181879636056.1726,1211929112841.0242,1105388531365.8853,1168609749339.4373,NaN,NaN
1612742400,1169302209163.4265,1411470751698.4429,1106251486648.6155,1345349399433.9126,NaN,NaN
1612828800,1347697416306.7388,1431861195204.867,1292819017038.6282,1368210395351.6113,NaN,NaN
1612915200,1372629190030.6182,1446944072484.8904,1284506349648.8225,1355940432889.201,NaN,NaN
1613001600,1356560743529.8477,1487199768890.0593,1306748181400.4731,1432990176711.781,NaN,NaN
1613088000,1435427899902.6394,1510651871929.1147,1372780266366.9397,1450869735448.894,NaN,NaN
1613174400,1453680463669.6904,1505446617413.1567,1393386355300.5208,1456996504646.9905,NaN,NaN
1613260800,1457528427223.473,1539191679071.4285,1408664557642.2654,1468284426090.297,NaN,NaN
1613347200,1467844366898.6611,1506113385189.4507,1349968494787.2915,1446385634132.889,NaN,NaN
1613433600,1447090332605.5164,1538133010696.1387,1396924814659.4124,1471061690475.397,NaN,NaN
1613520000,1470768254707.9714,1586392402943.269,1436497181516.3943,1553391500023.1965,NaN,NaN
1613606400,1554619802173.4766,1605171976900.545,1510509223341.822,1563684307603.4177,NaN,NaN
1613692800,1563184478441.9722,1753850209163.9163,1500386881618.0073,1684158204759.57,NaN,NaN
1613779200,1686227275721.0024,1778338582133.8193,1582935287900.2734,1669982614620.8564,NaN,NaN
1613865600,1669803731766.7158,1776980177170.755,1639662675137.1184,1716963172192.0903,NaN,NaN
1613952000,1717443502349.181,1748980638173.3657,1390441623491.941,1620927531210.0583,NaN,NaN
1614038400,1621097072170.4956,1637043482907.7703,1291001154883.1064,1455054857043.9973,NaN,NaN
1614124800,1456789581549.3125,1566309980965.505,1389977482457.7673,1490935042080.7593,NaN,NaN
1614211200,1491113283804.0198,1576446396154.3228,1382098808318.8452,1405822811169.582,NaN,NaN
1614297600,1405571150399.1294,1468866930408.3416,1308692214366.4324,1388162926632.2095,NaN,NaN
1614384000,1390819269695.192,1481318462464.9185,1349534886814.4407,1398030818765.451,NaN,NaN
1614470400,1399091876623.9172,1423104842839.2415,1278858866702.35,1366295861649.843,NaN,NaN
1614556800,1368571664850.734,1519059612229.1624,1346579010740.8923,1494410652699.4688,NaN,NaN
1614643200,1495419599855.978,1533881938580.0718,1406111409712.7004,1460152251637.124,NaN,NaN
1614729600,1459105824335.132,1600833137250.2583,1440244073777.1814,1514858499793.6448,NaN,NaN
1614816000,1515461339846.5085,1582241893197.818,1422674450296.9558,1466424455153.1628,NaN,NaN
1614902400,1472590406046.576,1516125943726.9626,1391894910031.7773,1475658746729.071,NaN,NaN
1614988800,1477083866806.4275,1517830693807.2737,1421334628376.8352,1494857523649.5403,NaN,NaN
1615075200,1495702766000.4758,1582804831208.569,1476937590413.2585,1555375042782.2385,NaN,NaN
1615161600,1555396346295.4573,1621313773441.5696,1495452768087.3494,1604397043083.645,NaN,NaN
1615248000,1606828614111.9077,1706721962785.186,1569066934011.0176,1684489474938.7188,NaN,NaN
1615334400,1685652396319.7922,1765324722955.8154,1588089633402.2947,1680557559187.375,NaN,NaN
1615420800,1682849395365.415,1769491523746.237,1617654644660.514,1728406209357.804,NaN,NaN
1615507200,1731824759300.8845,1762132589982.1384,1622771007345.4692,1703325600651.9758,NaN,NaN
1615593600,1704495570090.6843,1860348541207.046,1654315274829.8953,1815105047674.3884,NaN,NaN
1615680000,1815589549357.378,1847072024208.3313,1735786145655.2183,1753657439070.651,NaN,NaN
1615766400,1752637843981.6545,1828347956290.598,1614771016793.7966,1676421305807.548,NaN,NaN
1615852800,1676093852997.3928,1746810363974.8748,1593018798622.3562,1717903660736.8818,NaN,NaN
1615939200,1718784365494.9895,1808638944495.734,1624188166890.9724,1774409439706.772,NaN,NaN
1616025600,1775766418072.333,1831560580909.0264,1701924480293.6116,1736822466066.4941,NaN,NaN
1616112000,1738153194098.9856,1815213751999.087,1690334552395.0334,1762236116261.4019,NaN,NaN
1616198400,1761634020624.929,1841309410646.8867,1740470172996.6836,1760918745577.3167,NaN,NaN
1616284800,1759350367934.4785,1799219735322.7563,1676524260663.8137,1746452848076.3154,NaN,NaN
1616371200,1747213246601.9844,1802377138333.6316,1626481536278.8955,1656691517124.7454,NaN,NaN
1616457600,1658057546552.4885,1731945645632.4917,1606600788059.1516,1661880590826.0337,NaN,NaN
1616544000,1662407178560.7305,1764013477621.5508,1548503571590.6472,1588953740155.2144,NaN,NaN
1616630400,1588941979671.1777,1641319036811.0198,1517319833399.7334,1571537348154.3667,NaN,NaN
1616716800,1571714728785.7644,1712044915117.9236,1559667624079.3943,1690232404910.3108,NaN,NaN
1616803200,1690702126913.9895,1752466102098.7825,1638922952794.8242,1707135346146.6243,NaN,NaN
1616889600,1707051643446.985,1747091846746.633,1662939716813.871,1707522244936.178,NaN,NaN
1616976000,1707081924916.6865,1812823128604.2756,1671363492749.6318,1771165234467.077,NaN,NaN
1617062400,1772540307587.5623,1843724382363.4824,1737984950605.8528,1806415726312.1309,NaN,NaN
1617148800,1807241041303.035,1872349066697.455,1726201258448.2834,1823288574639.3787,NaN,NaN
1617235200,1824310781149.2014,1880361724495.5044,1782832068224.1157,1837465591896.0068,NaN,NaN
1617321600,1838490861421.0642,1929464858121.3208,1814418904305.1458,1880322289332.9973,NaN,NaN
1617408000,1880048158222.365,1932205999932.4026,1788535517927.3545,1812560215136.9236,NaN,NaN
1617494400,1817767036424.2383,1903842889128.015,1791506113956.4897,1879008990335.3909,NaN,NaN
1617580800,1875773135258.9187,1957722646131.3025,1815252531908.4805,1926012149990.191,NaN,NaN
1617667200,1927498302390.9731,1991828758098.8027,1843808615406.4229,1922874927905.6453,NaN,NaN
1617753600,1923800637458.6843,1965440395837.9443,1782375740390.6995,1827066238077.7756,NaN,NaN
1617840000,1827416538157.3792,1935027503545.1497,1809913268348.146,1919353576348.4924,NaN,NaN
1617926400,1919538506679.648,1969999883683.544,1884207066691.5964,1922104164106.6013,NaN,NaN
1618012800,1923392104619.012,2064361656182.5947,1890141657796.9097,1988885865025.476,NaN,NaN
1618099200,1990149014807.39,2057048004603.9517,1949831196238.7383,2009907450410.6873,NaN,NaN
1618185600,2009939269372.819,2093220642786.9055,1958842700395.2825,2023390901466.4973,NaN,NaN
1618272000,2024860799652.9817,2195379025062.81,1974481089664.602,2144194302249.01,NaN,NaN
1618358400,2146855483315.5415,2258831920721.218,2041007118996.8704,2165047696911.392,NaN,NaN
1618444800,2165062711559.0017,2255175784435.8843,2111796932236.1116,2204522837495.979,NaN,NaN
1618531200,2206571658717.533,2304913905457.735,2049647337708.9773,2177436596499.266,NaN,NaN
1618617600,2178918328322.544,2277056134513.6265,2079106985032.352,2118583172240.9253,NaN,NaN
1618704000,2120054919698.086,2182919747054.646,1754763603679.6692,2005354124886.9512,NaN,NaN
1618790400,2004334243856.0564,2099775249544.389,1885579240557.308,1967898957985.0383,NaN,NaN
1618876800,1968605503077.004,2080537763617.8564,1837060441787.0789,2025644572004.5127,NaN,NaN
1618963200,2026068697630.755,2094401726260.654,1903861018550.1685,1947746823386.266,NaN,NaN
1619049600,1948472277915.4712,2072829318738.142,1794376332415.0767,1873593358094.05,NaN,NaN
1619136000,1873822943052.1697,1919223032036.7637,1642704356537.4563,1862477864633.295,NaN,NaN
1619222400,1862589095867.0364,1887964193612.0964,1730897371060.5178,1793820399749.717,NaN,NaN
1619308800,1794987425652.517,1864095527952.4773,1684846100201.6504,1790647938214.2844,NaN,NaN
1619395200,1790682693098.4236,2007353148637.7495,1763602443467.791,1976672954309.942,NaN,NaN
1619481600,1977342627395.95,2076195539360.002,1939746631167.0017,2042449428029.1477,NaN,NaN
1619568000,2043777578014.4236,2124039785283.4724,1962577405439.132,2050567278244.4475,NaN,NaN
1619654400,2050929196756.8245,2099252825138.652,1954953423097.1772,2029393180830.1155,NaN,NaN
1619740800,2032832632868.6035,2198507097416.9531,1987450310189.3523,2153103105903.332,NaN,NaN
1619827200,2154417417597.5444,2229414989933.7427,2113155639332.5872,2193862095691.7363,NaN,NaN
1619913600,2194851175919.2869,2223447918167.532,2110293172558.3748,2160506986143.1724,NaN,NaN
1620000000,2160710277001.2993,2331987993799.8237,2136623492138.5188,2258645218080.975,NaN,NaN
1620086400,2260424588052.296,2324819724247.0596,2064441566110.6155,2128540018255.2104,NaN,NaN
1620172800,2129013255828.0483,2392291974815.894,2090488871189.203,2338844162594.129,NaN,NaN
1620259200,2340417824299.7935,2447303008585.9575,2215216458011.729,2322125318325.834,NaN,NaN
1620345600,2306132215566.8774,2447429504666.1753,2206286310638.869,2329359554990.8057,NaN,NaN
1620432000,2329598342027.0347,2481753743026.405,2271060848976.175,2410534701446.987,NaN,NaN
1620518400,2410415133802.6904,2481045813913.751,2252856285571.3794,2402340662654.8267,NaN,NaN
1620604800,2396120149345.0244,2531440122497.6416,2136097262127.3677,2290868673333.35,NaN,NaN
1620691200,2291553289943.668,2401239551887.302,2230861417314.6562,2400132091986.2764,NaN,NaN
1620777600,2460027745807.1113,2576903349604.0806,2084179516849.8684,2155779276082.4197,NaN,NaN
1620864000,2157908872045.3835,2350188492601.643,1965019094761.322,2196949050480.6843,NaN,NaN
1620950400,2198706853040.3704,2386985148117.2017,2150459300181.6511,2292314152912.714,NaN,NaN
1621036800,2293146887518.1313,2371705941668.1943,2089355669619.567,2135575515656.121,NaN,NaN
1621123200,2137586020710.1335,2318993263115.298,1970989845954.1711,2129758545560.963,NaN,NaN
1621209600,2128879268157.5413,2161749794299.4167,1884448106095.5596,1988829160986.9355,NaN,NaN
1621296000,1988010689151.062,2154939597850.3955,1920927333483.6296,2004949311658.2073,NaN,NaN
1621382400,2005386788578.1433,2056339291308.5396,1204087828339.0051,1545099492626.9702,NaN,NaN
1621468800,1558051939549.9983,1890263524493.9028,1425899836326.731,1753639696212.716,NaN,NaN
1621555200,1754730391620.5686,1853106221085.1987,1382620601854.0889,1571545204285.1575,NaN,NaN
1621641600,1571939973330.8926,1636575169568.9944,1421742990243.3777,1522887872062.5513,NaN,NaN
1621728000,1522644582967.1853,1577626519837.727,1195278530753.98,1389932050908.5806,NaN,NaN
1621814400,1397678216822.5303,1693556896058.8186,1368576642131.4343,1640146525193.7622,NaN,NaN
1621900800,1642166419911.9949,1715717753572.8757,1505335664998.0984,1634292013869.2065,NaN,NaN
1621987200,1636396569845.539,1786936280622.2021,1601487515206.695,1722887129002.0408,NaN,NaN
1622073600,1723506011924.9514,1770603190084.717,1594319683560.7224,1668134126549.2878,NaN,NaN
1622160000,1667801678470.24,1697834856141.1765,1465317950393.0881,1525732643712.467,NaN,NaN
1622246400,1526190232767.6714,1611350271172.9165,1406986864188.7808,1462195355786.9736,NaN,NaN
1622332800,1463625158252.4468,1574037465983.3337,1399499334172.1907,1519542902018.024,NaN,NaN
1622419200,1519489394819.6821,1648401970383.688,1449456874051.028,1632067117898.8816,NaN,NaN
1622505600,1630473925230.1316,1681487286136.7356,1545110038813.6633,1610248523994.6777,NaN,NaN
1622592000,1611951019233.4114,1716202203949.8608,1563723096847.754,1664446398357.9531,NaN,NaN
1622678400,1662228138352.95,1772054025986.33,1627011989830.9473,1736148401165.8862,NaN,NaN
1622764800,1736230553559.712,1751280008120.5469,1549902320676.8445,1630305138756.5657,NaN,NaN
1622851200,1629718015095.9177,1699488477372.4495,1537549493243.388,1583608552275.757,NaN,NaN
1622937600,1583600175532.1533,1639668429103.3438,1565057535359.3684,1606743671379.1582,NaN,NaN
1623024000,1610796038377.8752,1672917114382.559,1491972692529.428,1510546604408.025,NaN,NaN
1623110400,1511633101713.6602,1545557387841.37,1373773102100.0498,1496167317396.6355,NaN,NaN
1623196800,1496008891685.0378,1650352619646.877,1422280745604.969,1609542065597.8792,NaN,NaN
1623283200,1610515189663.3242,1654015678171.2258,1513777051517.3682,1553578347488.904,NaN,NaN
1623369600,1554627639982.7473,1597458646232.3105,1481614171636.4856,1532053335095.648,NaN,NaN
1623456000,1532205550418.5293,1577244474128.7463,1430142703701.4917,1496772199492.3125,NaN,NaN
1623542400,1497801713206.2395,1646375755941.1235,1446632749861.2751,1608615693243.5437,NaN,NaN
1623628800,1609030986307.0728,1696587602976.0789,1576394020049.623,1660714913525.0273,NaN,NaN
1623715200,1660803465305.5916,1708023483695.2778,1604582201640.6064,1641815440776.481,NaN,NaN
1623801600,1641668030172.371,1663756857678.0925,1542997473575.4954,1565764721044.4324,NaN,NaN
1623888000,1565793731042.042,1628658692611.1997,1522048312714.0132,1564858870441.0918,NaN,NaN
1623974400,1565486440144.4746,1581340640638.628,1432975838837.5413,1481272806810.8909,NaN,NaN
1624060800,1482625065919.7266,1516190597843.7915,1433421115740.849,1457930303302.185,NaN,NaN
1624147200,1457690749984.8403,1503277680427.741,1367243934119.8132,1474324904557.9124,NaN,NaN
1624233600,1475068026109.3225,1487784116208.6316,1241903933733.6418,1262685889110.4727,NaN,NaN
1624320000,1261663608084.0105,1342120944989.475,1126826866739.7566,1269744699353.2422,NaN,NaN
1624406400,1271079261236.8245,1394559315667.5784,1237964779021.8206,1338207270051.7397,NaN,NaN
1624492800,1339006398457.628,1415895159701.6685,1278080557718.36,1375676100477.0244,NaN,NaN
1624579200,1376649929012.9363,1417459835239.2542,1240040859230.1746,1262637912635.8577,NaN,NaN
1624665600,1262228394514.5012,1307755540827.84,1198287103061.7793,1280080869626.679,NaN,NaN
1624752000,1280812187365.322,1380079486086.743,1255931513421.814,1364948074017.898,NaN,NaN
1624838400,1365358327532.7332,1420300271523.0955,1332106281822.9744,1380373742323.1272,NaN,NaN
1624924800,1380702639481.708,1485176195072.8906,1365466261305.114,1436833011572.1357,NaN,NaN
1625011200,1437026388577.513,1472519201162.3093,1360415422825.424,1434969349553.942,NaN,NaN
1625097600,1436130026395.966,1444464923434.139,1327174225672.25,1364305899957.4873,NaN,NaN
1625184000,1364053784248.453,1392720241879.2078,1319306327749.2131,1380156253088.3147,NaN,NaN
1625270400,1380475165056.67,1433016904247.817,1354482992720.6409,1415889329389.48,NaN,NaN
1625356800,1416017365679.0276,1484696483063.0676,1394880767320.3792,1449143104298.5693,NaN,NaN
1625443200,1448680935145.2808,1461030538164.685,1357943277919.2583,1389489077873.812,NaN,NaN
1625529600,1389812760052.4011,1465891169071.9102,1377774166863.3958,1427294792716.951,NaN,NaN
1625616000,1426931046488.1292,1476244989292.672,1403171236092.2485,1420607405388.836,NaN,NaN
1625702400,1418172753827.7283,1428239846191.8452,1320298264791.0332,1351792760860.505,NaN,NaN
1625788800,1351818485789.0095,1407986001763.9138,1313515075468.0261,1383556723424.7285,NaN,NaN
1625875200,1383785849240.7786,1408648849710.69,1340795055272.142,1367320726386.1516,NaN,NaN
1625961600,1367683633934.5498,1413993312620.3687,1352590456631.1196,1391267365717.7476,NaN,NaN
1626048000,1392478598859.4363,1419940572297.688,1319551973259.1965,1345633006384.0325,NaN,NaN
1626134400,1345128640391.7356,1367114573576.2632,1294440267495.2925,1321600660836.2268,NaN,NaN
1626220800,1321754067056.3923,1353290008517.7588,1264882491220.4026,1330958709376.8032,NaN,NaN
1626307200,1330635596130.9395,1369105105339.808,1257319439920.4888,1299965884692.209,NaN,NaN
1626393600,1300457328763.3398,1329838800107.6648,1248144591049.645,1267675832568.1167,NaN,NaN
1626480000,1267816957075.4834,1303942355304.4226,1248026253977.9492,1277409037323.8005,NaN,NaN
1626566400,1282449854029.8633,1330940122185.2412,1258980713950.1267,1284200065710.0488,NaN,NaN
1626652800,1288835075216.5505,1303897105749.4868,1223984586723.3943,1243636597661.7905,NaN,NaN
1626739200,1243823207128.2568,1260786976780.7856,1158485268048.1155,1199495239664.4707,NaN,NaN
1626825600,1199867488974.1943,1342677922956.8694,1180679587779.4802,1304334701285.516,NaN,NaN
1626912000,1304781778700.7612,1338570607765.7844,1278449505094.1577,1317567780012.3853,NaN,NaN
1626998400,1317603508644.1868,1381048935733.6797,1294325790963.1453,1368988521263.171,NaN,NaN
1627084800,1369505418086.1987,1416451171322.3645,1352610392555.1174,1395195054898.2598,NaN,NaN
1627171200,1395627173118.169,1436222730026.4763,1359408500180.9102,1419578962555.226,NaN,NaN
1627257600,1419485092920.3794,1613802699804.6802,1385020375844.4788,1461554381449.3384,NaN,NaN
1627344000,1462330430892.5107,1550151432557.0764,1414900596329.4724,1527432687364.0564,NaN,NaN
1627430400,1526773954104.7368,1586606748110.7493,1488436447254.7422,1542897667312.0337,NaN,NaN
1627516800,1550191519092.5652,1593119728502.1726,1508020538774.8027,1558518547149.5154,NaN,NaN
1627603200,1558331989648.178,1648653316774.1619,1489056527825.2258,1620597691346.651,NaN,NaN
1627689600,1632795458829.6484,1668006433056.7346,1579188571628.968,1621108632374.2954,NaN,NaN
1627776000,1622587312092.6511,1698057362323.792,1554766328573.5847,1590688423708.0396,NaN,NaN
1627862400,1591105994162.8293,1637715534221.293,1543294424871.9421,1585966449404.476,NaN,NaN
1627948800,1585868009772.4587,1624149293803.1455,1512482460265.0227,1553347387464.4243,NaN,NaN
1628035200,1554121447521.473,1650516918765.557,1519448429820.0732,1626275401700.7444,NaN,NaN
1628121600,1626524433091.9985,1708221838827.2444,1522355388137.816,1668592127030.4092,NaN,NaN
1628208000,1670042397230.6926,1768769684657.144,1607534678261.9556,1720008944536.0964,NaN,NaN
1628294400,1720357519901.362,1839823528484.422,1698778255359.51,1818005309817.0078,NaN,NaN
1628380800,1818980307967.5122,1855140899719.4521,1728437721521.5251,1761788463987.5996,NaN,NaN
1628467200,1762392309371.0164,1876296001275.6877,1705504871973.31,1847956197367.59,NaN,NaN
1628553600,1849635407844.3137,1907613413915.2576,1782847215809.5337,1851773719815.0999,NaN,NaN
1628640000,1854902120832.081,1955360081058.1985,1839221749914.6965,1884406894592.816,NaN,NaN
1628726400,1883501253481.5925,1940991005415.7974,1791395282753.2239,1843728568959.942,NaN,NaN
1628812800,1842689110857.3723,2009726235826.2039,1823742836145.348,1991791950642.0142,NaN,NaN
1628899200,1991864902647.8472,2035369598518.1777,1912566501145.098,1984738505295.1191,NaN,NaN
1628985600,1985049887118.488,2031198248291.0408,1904510815879.17,2004993387027.8838,NaN,NaN
1629072000,2004987727235.4534,2073597848786.9343,1919508589953.586,1952356155517.566,NaN,NaN
1629158400,1952881509384.6477,2042308730484.2942,1862771138575.5417,1888379467869.9304,NaN,NaN
1629244800,1888078152125.1467,1981621404547.135,1844081550401.7908,1907039852852.2285,NaN,NaN
1629331200,1907293427112.782,2034839945406.6724,1858938783020.7224,2006496620758.5105,NaN,NaN
1629417600,2008381017652.7544,2126628291779.6555,1978677235141.1504,2093495219797.4521,NaN,NaN
1629504000,2094536911183.252,2141061736777.0264,2033723734574.5742,2071863016637.6624,NaN,NaN
1629590400,2071834374348.7866,2123679473086.9368,2018647967681.5857,2091471184585.487,NaN,NaN
1629676800,2093148426582.0334,2188961159224.0828,2071205643775.6052,2135001273131.2021,NaN,NaN
1629763200,2135201383889.3633,2167822942789.653,2008203809958.7754,2037607012577.6262,NaN,NaN
1629849600,2037450944144.0903,2119575038205.372,1989914580109.0315,2089039968642.5042,NaN,NaN
1629936000,2088898791552.6797,2128287640188.3438,1953658975328.5417,1990964230472.377,NaN,NaN
1630022400,1991457852498.2297,2131762461662.2993,1960558864804.083,2117913016445.8752,NaN,NaN
1630108800,2118015221835.0005,2144883502603.8547,2062824106595.288,2107754852613.4526,NaN,NaN
1630195200,2108328178467.7996,2158818835024.084,2042584664171.4077,2098080420847.4927,NaN,NaN
1630281600,2098265471409.273,2149069895892.0674,2010541870575.2468,2051328150589.92,NaN,NaN
1630368000,2051305331433.2927,2170781739736.1865,2022650497553.6677,2099695267143.4248,NaN,NaN
1630454400,2100225771195.3232,2248759009382.1113,2060821201030.8828,2218240527560.648,NaN,NaN
1630540800,2219239694447.278,2304776852272.011,2174465125570.7158,2233055157632.671,NaN,NaN
1630627200,2234944413064.6914,2353057905470.3423,2175099183435.6418,2287053156687.0503,NaN,NaN
1630713600,2288188894001.91,2358438337493.979,2231280180010.421,2292806750766.3394,NaN,NaN
1630800000,2295522763769.5776,2408489471357.567,2247737315336.689,2368163972627.8374,NaN,NaN
1630886400,2369788248455.556,2449427448451.9844,2303001374410.648,2398538168558.698,NaN,NaN
1630972800,2398864405731.5957,2456726332570.079,1848503750992.977,2118926629622.0908,NaN,NaN
1631059200,2124285812088.953,2205869432367.8726,1972780956334.6646,2130345485012.3489,NaN,NaN
1631145600,2132557042008.071,2240871204547.483,2082646224425.0906,2149646887016.0554,NaN,NaN
1631232000,2150910244209.7727,2236806638720.718,1996956625569.4019,2075455205097.2117,NaN,NaN
1631318400,2076039069022.012,2174456747077.692,2044521465818.5632,2102980626997.792,NaN,NaN
1631404800,2103904157067.2434,2210648297646.8516,2051595612478.586,2151159820847.5178,NaN,NaN
1631491200,2151450182893.706,2207974881531.682,1975180994636.688,2078751072151.2954,NaN,NaN
1631577600,2080117574440.9055,2204384595374.669,2035251405044.7173,2160341926544.215,NaN,NaN
1631664000,2159951267185.447,2257533717140.454,2117399682835.205,2221869621579.392,NaN,NaN
1631750400,2222545469427.27,2263314226949.7856,2141118501835.1663,2195302142797.8635,NaN,NaN
1631836800,2195442592563.291,2229851191816.9556,2098115212780.833,2144306856590.2375,NaN,NaN
1631923200,2144274660488.615,2250678005913.019,2117440097975.8032,2197914189225.8083,NaN,NaN
1632009600,2197935866337.6443,2224165669724.5024,2109418509491.833,2142436064654.7827,NaN,NaN
1632096000,2143132319684.4683,2158387494718.0522,1876020770247.232,1930270034139.2473,NaN,NaN
1632182400,1932154898661.217,2009566052600.1748,1758506183276.3494,1823817009117.5427,NaN,NaN
1632268800,1825378708430.1306,2031555343980.0933,1805302749149.642,1996496812126.194,NaN,NaN
1632355200,1997888322882.6243,2082020054624.003,1958370992921.551,2057861348201.0942,NaN,NaN
1632441600,2059918181924.8623,2094913084546.592,1830914705385.793,1957498964185.3076,NaN,NaN
1632528000,1957855547449.5684,1987772533241.5146,1883376688107.2776,1943887031527.072,NaN,NaN
1632614400,1944511143003.2095,2021190039880.5486,1824115896319.6807,1962699506354.1677,NaN,NaN
1632700800,1961080347439.291,2034121649410.231,1889983893103.58,1907854127326.5566,NaN,NaN
1632787200,1904197585976.869,1943167964177.3867,1825913783659.3652,1844040578839.464,NaN,NaN
1632873600,1845268061236.9004,1943584476237.6345,1826336751861.8594,1878779269597.3135,NaN,NaN
1632960000,1878424467377.2449,2000301949696.1123,1852600397602.34,1964523091248.987,NaN,NaN
1633046400,1966733866946.1375,2190431273094.5137,1922382457440.102,2151302389441.9639,NaN,NaN
1633132800,2152146810821.236,2214351312143.3384,2104765823620.2114,2152607167041.7788,NaN,NaN
1633219200,2152466620349.0593,2245519299656.769,2118357616292.1082,2183066502423.0366,NaN,NaN
1633305600,2182803157898.0498,2246770205314.523,2086708641761.769,2190654346154.5425,NaN,NaN
1633392000,2191812746631.3052,2323118738202.0728,2148722727666.14,2260195385518.2817,NaN,NaN
1633478400,2260856287201.094,2427751630278.2886,2128407223299.8708,2336772501434.807,NaN,NaN
1633564800,2336730781848.9785,2402319065513.437,2245872579198.294,2313529324941.108,NaN,NaN
1633651200,2314446508904.15,2424408492607.848,2277445571262.816,2315643219529.0923,NaN,NaN
1633737600,2316266921242.824,2405752992499.167,2289764796528.5874,2356737649285.542,NaN,NaN
1633824000,2356079645379.401,2421273024190.9478,2244441060923.936,2297789252090.076,NaN,NaN
1633910400,2298330427390.2627,2438156393246.156,2238128680324.4536,2368264585383.0596,NaN,NaN
1633996800,2369084722997.6934,2407540792393.0684,2209532235472.3564,2329320483800.617,NaN,NaN
1634083200,2329839515481.146,2434214584319.3926,2240207112331.594,2392847106570.7705,NaN,NaN
1634169600,2394344251860.335,2482717243992.7812,2349600074889.7905,2416090112507.1733,NaN,NaN
1634256000,2416189310079.91,2613583265642.4634,2327393772626.9863,2510765184214.3096,NaN,NaN
1634342400,2515638595122.913,2577937426844.307,2439792292029.6553,2483321347870.1284,NaN,NaN
1634428800,2484348482774.9004,2538408643530.5786,2375158726872.4795,2491774737019.1836,NaN,NaN
1634515200,2491327873830.0464,2549931439811.309,2385075773773.67,2484103813280.0557,NaN,NaN
1634601600,2483087464553.0806,2599727270423.7734,2430465387103.1045,2555542530971.007,NaN,NaN
1634688000,2555764392890.753,2704880535817.316,2509830715169.041,2657491056904.412,NaN,NaN
1634774400,2658294439423.6797,2743535110633.809,2437941598083.5293,2550827567171.5503,NaN,NaN
1634860800,2551377963378.393,2664235720812.383,2455417303549.843,2529481262445.0225,NaN,NaN
1634947200,2530003435074.1777,2608840499108.854,2477246730799.499,2580363827306.5146,NaN,NaN
1635033600,2580380984314.6123,2612174787048.2427,2474080094680.018,2552526765478.387,NaN,NaN
1635120000,2551497605655.256,2681614172295.227,2521755833434.2773,2637323324308.3936,NaN,NaN
1635206400,2638498244504,2703736428401,2513511540140,2569198087262,NaN,NaN
1635292800,2569879104705.164,2663613908652.9385,2395735913773.144,2453054453724.1646,NaN,NaN
1635379200,2466461509129.9106,2703111715572.2324,2399733488653.4277,2588290026190.8594,NaN,NaN
1635465600,2589200650245.7827,2718064137000.8345,2543550379655.8667,2659598885660.8496,NaN,NaN
1635552000,2659666572767.6562,2695813981383.208,2551812538749.8433,2626848906525.094,NaN,NaN
1635638400,2627230334714.8105,2709160408777.1113,2525140492582.186,2623672196909.6274,NaN,NaN
1635724800,2624676346311.8823,2715719724412.081,2527457934299.1245,2635719750214.7495,NaN,NaN
1635811200,2635123711964.4463,2799937891500.6265,2588024681336.3315,2736292173351.1665,NaN,NaN
1635897600,2737263111537.551,2808340420652.3784,2595357672119.791,2746616669615.996,NaN,NaN
1635984000,2747146672320.025,2793343769733.2314,2623102978311.2563,2700648223363.1,NaN,NaN
1636070400,2700239736496.9717,2796750746254.282,2637267584097.627,2691229881482.8086,NaN,NaN
1636156800,2691295294553.2085,2745101416233.9346,2615803046759.7305,2718315859027.5757,NaN,NaN
1636243200,2719370025825.566,2821081160236.106,2685636851605.141,2774650209522.178,NaN,NaN
1636329600,2774592766226.2217,2965154808900.6606,2720834679827.0083,2901207826609.5415,NaN,NaN
1636416000,2902296423035.0776,2984108729982.7266,2817985403275.78,2880860461589.5513,NaN,NaN
1636502400,2885879381718.1177,3009141012442.996,2656762946190.7646,2794462676420.2056,NaN,NaN
1636588800,2793646054940.367,2895276019687.1445,2750282921428.02,2828582088431.399,NaN,NaN
1636675200,2828596847252.5137,2889771350302.079,2699399565661.222,2800845377737.4595,NaN,NaN
1636761600,2801182527149.0747,2864240429425.5947,2747669294586.1855,2814900726285.7397,NaN,NaN
1636848000,2814308138245.053,2881147450209.0073,2749073727938.968,2833565009076.2686,NaN,NaN
1636934400,2833835497908.1626,2904338181319.2944,2739192680402.3315,2769929653385.5083,NaN,NaN
1637020800,2769731581136.1104,2788666285793.2207,2502505743871.868,2593412915043.13,NaN,NaN
1637107200,2593239214445.4937,2650738463125.052,2500173100021.2935,2614525497119.1914,NaN,NaN
1637193600,2615348076071.176,2677583609760.031,2409420040552.878,2459472947841.7476,NaN,NaN
1637280000,2459610775201.0845,2604435670552.6475,2391448715261.423,2569026208719.2627,NaN,NaN
1637366400,2574343871098.6787,2667204206443.3184,2513907362074.1094,2636073628560.25,NaN,NaN
1637452800,2638032464159.897,2678414178799.288,2552130977987.5957,2588822363593.017,NaN,NaN
1637539200,2580932673827.5986,2636930114445.486,2439428570040.6963,2494607909583.2256,NaN,NaN
1637625600,2495564283752.9585,2613047132334.016,2434846076241.077,2568083981552.817,NaN,NaN
1637712000,2569158790750.7915,2606950685706.4434,2453450948021.8335,2531466293799.332,NaN,NaN
1637798400,2532689851925.6885,2687712634781.103,2507873777920.6997,2635390781170.1523,NaN,NaN
1637884800,2636979727889.756,2674983368405.3413,2334609747414.0723,2403974000272.8496,NaN,NaN
1637971200,2401539810053.0264,2497345566812.257,2380612459008.4595,2440083011009.284,NaN,NaN
1638057600,2439609549568.958,2565097604743.996,2342752898232.176,2528594242663.174,NaN,NaN
1638144000,2528714328334,2631043968473,2492532000482,2578425763378,NaN,NaN
1638230400,2579790613848,2698453803752,2491413815787,2587092897914,NaN,NaN
1638316800,2585838199249,2711627654524,2541830599465,2593554181304,NaN,NaN
1638403200,2590513707930,2633215733747,2506373551343,2566255155503,NaN,NaN
1638489600,2570882535661,2648610826309,2342792293117,2437894835249,NaN,NaN
1638576000,2440286392996,2494415896348,1945972131820,2283010183777,NaN,NaN
1638662400,2290353035263,2338258034751,2182589955455,2268608316073,NaN,NaN
1638748800,2270357720619,2369816365728,2128009505115,2330940355219,NaN,NaN
1638835200,2331744842824,2419776467994,2284805671122,2328604661885,NaN,NaN
1638921600,2328026848583,2405122235307,2242101506524,2365358485437,NaN,NaN
1639008000,2368595489242,2406732469963,2191985390973,2220613694656,NaN,NaN
1639094400,2226830138833,2315906016027,2138110517607,2156112861062,NaN,NaN
1639180800,2166166178039,2276245343298,2127034523728,2252553418934,NaN,NaN
1639267200,2254939712669,2324279896157,2199436907717,2279422074120,NaN,NaN
1639353600,2276303701007,2295204167072,2053656315985,2107342786360,NaN,NaN
1639440000,2113005355938,2221827892562,2072214687670,2182722220380,NaN,NaN
1639526400,2184368765542,2287936350378,2084665293885,2242217000855,NaN,NaN
1639612800,2244015301852,2302811452685,2175322343493,2196847718721,NaN,NaN
1639699200,2198801040920,2239294487446,2079592433573,2148240310899,NaN,NaN
1639785600,2144262371152,2226502558958,2105371823491,2196198884090,NaN,NaN
1639872000,2199132904703,2273558956086,2154685869432,2188389744515,NaN,NaN
1639958400,2185021109382,2240754542041,2104739168963,2194652627843,NaN,NaN
1640044800,2196748931534,2311266499101,2165422675637,2274911104530,NaN,NaN
1640131200,2272476107630,2342296293343,2234401144656,2270113592516,NaN,NaN
1640217600,2266825240212,2429288881546,2233586595369,2381796772625,NaN,NaN
1640304000,2381804682249,2449645318014,2329322510628,2371515870087,NaN,NaN
1640390400,2372690235350,2423499021272,2338789453771,2382812014015,NaN,NaN
1640476800,2385049277450,2437255490200,2327096672903,2397275093144,NaN,NaN
1640563200,2399744511245,2486732999634,2364807014741,2396835240967,NaN,NaN
1640649600,2387387278751,2407513270973,2212741645580,2249705601979,NaN,NaN
1640736000,2247381845444,2297083613923,2152922333868,2190384851364,NaN,NaN
1640822400,2188481805818,2272648021313,2150342743470,2218805020205,NaN,NaN
1640908800,2217047950959,2291493215177,2134117695808,2185083898934,NaN,NaN
1640995200,2192031639073,2275074796973,2171186838646,2250184197489,NaN,NaN
1641081600,2248128581617,2285801816686,2195578814779,2246356374300,NaN,NaN
1641168000,2244050413486,2281370451243,2161113793220,2216643279538,NaN,NaN
1641254400,2214014534564,2286570803880,2164840568828,2200358899243,NaN,NaN
1641340800,2197371667516,2257929748230,2008317253945,2072113407626,NaN,NaN
1641427200,2073217447274,2105977934069,1991805756315,2056251946749,NaN,NaN
1641513600,2047184873158,2062701227311,1902278216327,1958539570890,NaN,NaN
1641600000,1966308324947,2017161988341,1874166870380,1941052347691,NaN,NaN
1641686400,1941561513223,2014409499919,1915005075615,1964256715663,NaN,NaN
1641772800,1965247705163,1989609299897,1846248244249,1935417225162,NaN,NaN
1641859200,1937691316565,2031768855312,1907317596171,2003460167674,NaN,NaN
1641945600,2008902905568,2110055761234,1984309331993,2080609079924,NaN,NaN
1642032000,2078747910913,2122965547531,1994796482240,2019072026676,NaN,NaN
1642118400,2019718189686,2091543210496,1979174505256,2056980489854,NaN,NaN
1642204800,2057654539749,2104746620281,2026073555193,2065984935031,NaN,NaN
1642291200,2065413277977,2103043582199,2030928202386,2073609959460,NaN,NaN
1642377600,2068699397308,2072951059953,1971110810923,2005043504848,NaN,NaN
1642464000,2011743153094,2038863881493,1942197754387,1994881099373,NaN,NaN
1642550400,1997089442152,2015164614874,1924194917630,1954289473269,NaN,NaN
1642636800,1953891924626,2043428515194,1888157511803,1901170574673,NaN,NaN
1642723200,1889931923745,1915261869173,1638949556350,1684618630578,NaN,NaN
1642809600,1687636269524,1713882761190,1524139461943,1599964255334,NaN,NaN
1642896000,1609082361036,1698524136748,1584552155797,1673937901246,NaN,NaN
1642982400,1670975972697,1703584199141,1489365691587,1648753461563,NaN,NaN
1643068800,1644741627876,1699779967009,1594813349223,1664030880826,NaN,NaN
1643155200,1666604401019,1770791508222,1620249120253,1654054654591,NaN,NaN
1643241600,1656879619893,1687955049311,1581315062647,1651142329370,NaN,NaN
1643328000,1651834608162,1699784507076,1604400524657,1683515490608,NaN,NaN
1643414400,1684037794929,1735271874397,1666014639847,1709039502479,NaN,NaN
1643500800,1708567471941,1731515011342,1665691339956,1695094423355,NaN,NaN
1643587200,1689848785416,1746316765285,1632795482357,1728624760659,NaN,NaN
1643673600,1723701156656,1764913421403,1706903747366,1738378947195,NaN,NaN
1643760000,1757448466362,1778556788377,1663739174002,1685338099420,NaN,NaN
1643846400,1683054703392,1714550526451,1642431781910,1703509930134,NaN,NaN
1643932800,1703428587914,1871446460819,1689356520655,1862781606070,NaN,NaN
1644019200,1863454416134,1915788982772,1834266426210,1875127824100,NaN,NaN
1644105600,1873110693444,1928948224582,1848106132854,1914315170539,NaN,NaN
1644192000,1912986957922,2018973954563,1879129091733,1985099717264,NaN,NaN
1644278400,1986990087403,2063973245068,1916377560895,1979191630304,NaN,NaN
1644364800,1979696572203,2037352057716,1933851641773,2010580146172,NaN,NaN
1644451200,2008306703690,2057634364095,1930344625849,1946940026421,NaN,NaN
1644537600,1946687008571,1978309585522,1853145819997,1877666096507,NaN,NaN
1644624000,1877573814993,1915573232715,1840774491482,1876749506007,NaN,NaN
1644710400,1876909058916,1902315870598,1837423336054,1854284613678,NaN,NaN
1644796800,1855830307298,1896106666005,1825512269735,1876736012256,NaN,NaN
1644883200,1878816673897,1996532906912,1869542589386,1984717560305,NaN,NaN
1644969600,1987300915991,1996056782090,1922074503471,1958467388714,NaN,NaN
1645056000,1959045800084,1978743154847,1803291566925,1824647145499,NaN,NaN
1645142400,1823594992434,1854863791291,1765753699680,1788873994940,NaN,NaN
1645228800,1789366062994,1822268750160,1760454530701,1792833785611,NaN,NaN
1645315200,1791969929040,1795412226946,1689267609029,1713525724502,NaN,NaN
1645401600,1714199354298,1777098629716,1640365468633,1650173031026,NaN,NaN
1645488000,1650993203892,1713737614805,1610666342034,1699190597384,NaN,NaN
1645574400,1700525231348,1761793208573,1655273933451,1664886065658,NaN,NaN
1645660800,1661443667048,1749660640956,1509530247112,1683933048985,NaN,NaN
1645747200,1684982466143,1776349093257,1661618184453,1751371262702,NaN,NaN
1645833600,1752205883558,1808126308389,1724316725228,1754502362274,NaN,NaN
1645920000,1752725856768,1785928710412,1650787773837,1680269841713,NaN,NaN
1646006400,1680192284489,1909622932970,1659568638608,1878298378232,NaN,NaN
1646092800,1879091369605,1952961736076,1846116395796,1914206348576,NaN,NaN
1646179200,1913611328771,1956687305938,1865675568400,1894963831982,NaN,NaN
1646265600,1897037996574,1913448463343,1807921815236,1841134768810,NaN,NaN
1646352000,1841232080347,1849366707403,1693251264115,1718518768518,NaN,NaN
1646438400,1717174939757,1753178336607,1687708282465,1738991227603,NaN,NaN
1646524800,1738370122930,1751333374171,1672062855475,1684651315313,NaN,NaN
1646611200,1683602255123,1733738649430,1626360459072,1662595224182,NaN,NaN
1646697600,1661587108646,1725596853877,1651331398495,1695394157676,NaN,NaN
1646784000,1696624883568,1841066440652,1690856310296,1809299030061,NaN,NaN
1646870400,1808770232190,1821691290741,1684634607010,1727236812750,NaN,NaN
1646956800,1726671574267,1765716259674,1671501929020,1696579688812,NaN,NaN
1647043200,1696190238957,1735702667099,1689784701985,1700335066447,NaN,NaN
1647129600,1699566907020,1728842197031,1649470979024,1660913757426,NaN,NaN
1647216000,1662206165353,1734757834716,1647602167244,1719572178220,NaN,NaN
1647302400,1719602863857,1743520897540,1661687689829,1714093443913,NaN,NaN
1647388800,1715841654274,1810705613179,1695458172655,1792506454272,NaN,NaN
1647475200,1793199852608,1821317604938,1767661396912,1795631627860,NaN,NaN
1647561600,1795503073523,1860637895929,1759883133434,1837832269250,NaN,NaN
1647648000,1838122495505,1882492570486,1822571100418,1863037899056,NaN,NaN
1647734400,1863360329917,1875054221430,1800467676168,1820398192350,NaN,NaN
1647820800,1820884992777,1860457794761,1793246916433,1829606602795,NaN,NaN
1647907200,1829137572588,1921651285500,1819853293391,1877513561727,NaN,NaN
1647993600,1877256840207,1924432110027,1849096110722,1912673726878,NaN,NaN
1648080000,1912557538869,1975616313778,1892388771942,1958538887185,NaN,NaN
1648166400,1963350817559,2009592469759,1929619428403,1957118874277,NaN,NaN
1648252800,1957782094893,1993620398545,1944171586472,1981269736323,NaN,NaN
1648339200,1981485082583,2076643431435,1966662179429,2070700969389,NaN,NaN
1648425600,2070309145228,2146943593578,2051011828914,2077444757161,NaN,NaN
1648512000,2077916718783,2153396640834,2063645999746,2106933740683,NaN,NaN
1648598400,2107000700823,2147366069586,2061889194057,2108228586753,NaN,NaN
1648684800,2108781849509,2151926836855,2025795395083,2047844916264,NaN,NaN
1648771200,2048006568085,2124666534667,1989184617123,2102678914073,NaN,NaN
1648857600,2103823329810,2159999625343,2075570584683,2092076942068,NaN,NaN
1648944000,2091577184882,2169325428138,2071756474786,2127340704836,NaN,NaN
1649030400,2127332209347,2150848379643,2050099514157,2120520173087,NaN,NaN
1649116800,2126930321032,2161302695179,2063436942682,2077287458105,NaN,NaN
1649203200,2076231735698,2082892046215,1940225904522,1949634591008,NaN,NaN
1649289600,1948742027917,2002560549211,1924548919348,1980930998298,NaN,NaN
1649376000,1980004374184,2014185374695,1912697806490,1925794177644,NaN,NaN
1649462400,1925642613411,1960599160149,1913568504456,1954749687817,NaN,NaN
1649548800,1954892209143,1986333176847,1910864755164,1921606403131,NaN,NaN
1649635200,1921413206560,1933165969870,1779020242506,1798550445282,NaN,NaN
1649721600,1799411078520,1868823165817,1781801149380,1832924903663,NaN,NaN
1649808000,1833306377865,1893839694244,1807853003398,1877467895073,NaN,NaN
1649894400,1877276600616,1900434567418,1804336738032,1828770657240,NaN,NaN
1649980800,1829063853400,1870206053135,1816815578203,1853985227204,NaN,NaN
1650067200,1854421099704,1870956874310,1829437453498,1854116483592,NaN,NaN
1650153600,1853725982630,1869741236128,1806644745411,1814082751041,NaN,NaN
1650240000,1812982226610,1870884639610,1755547259355,1858724661784,NaN,NaN
1650326400,1858867668834,1905836954481,1843689345048,1891145652858,NaN,NaN
1650412800,1891625200179,1928515309673,1855897915085,1880461877165,NaN,NaN
1650499200,1879715304945,1943226755991,1803948846239,1835197407433,NaN,NaN
1650585600,1835592536858,1862595012209,1794353060309,1816701055951,NaN,NaN
1650672000,1816524117014,1831930318162,1790644979915,1801429972292,NaN,NaN
1650758400,1801832254022,1824122875218,1780225304846,1795966928575,NaN,NaN
1650844800,1794755719505,1845927744959,1725074032148,1833588673387,NaN,NaN
1650931200,1834309938239,1852387281812,1707158365891,1729704187641,NaN,NaN
1651017600,1729480428951,1791093416449,1717975733524,1773347269315,NaN,NaN
1651104000,1773365749854,1823610748004,1749905255911,1790692598389,NaN,NaN
1651190400,1790063139560,1808935194205,1708684721994,1734434131113,NaN,NaN
1651276800,1734845338686,1756132303863,1658095779815,1672894049030,NaN,NaN
1651363200,1672425963156,1733407050744,1656934315581,1717289457811,NaN,NaN
1651449600,1716507073194,1751553454319,1683551110429,1719306723133,NaN,NaN
1651536000,1719849656046,1735042436583,1672057576600,1691044645527,NaN,NaN
1651622400,1690724583291,1802811499670,1684526993215,1788129391134,NaN,NaN
1651708800,1788145883275,1803654340888,1618589245579,1660637696174,NaN,NaN
1651795200,1660654013469,1674042505255,1603069935642,1641157208272,NaN,NaN
1651881600,1641261718476,1651728707549,1577175640959,1607681307452,NaN,NaN
1651968000,1607203330028,1615779721524,1532711841701,1554029635173,NaN,NaN
1652054400,1553875282282,1568624610623,1353320536220,1361421405484,NaN,NaN
1652140800,1361450603498,1491304593511,1333308323735,1408383743809,NaN,NaN
1652227200,1412889028618,1462967366110,1203729237820,1264276533538,NaN,NaN
1652313600,1273812779490,1329855911740,1081843893690,1236809329955,NaN,NaN
1652400000,1222080692657,1339285290199,1204435426251,1251851146504,NaN,NaN
1652486400,1250263992843,1297010501523,1211080368292,1281941307227,NaN,NaN
1652572800,1281350670348,1344377454277,1250028088326,1334858919565,NaN,NaN
1652659200,1333809213489,1336791234069,1234673395030,1266356993119,NaN,NaN
1652745600,1267900026956,1318017845474,1252405423701,1299741006980,NaN,NaN
1652832000,1299775185559,1312630945715,1210247519378,1215220086341,NaN,NaN
1652918400,1215098808136,1285631736102,1204079322233,1271923112281,NaN,NaN
1653004800,1271300701264,1296988313889,1212939885203,1234847107573,NaN,NaN
1653091200,1234219960834,1258151023543,1221976498203,1248014376494,NaN,NaN
1653177600,1247285676996,1290771163916,1236045366248,1279063424281,NaN,NaN
1653264000,1278723461834,1306838732477,1225419927077,1235948097055,NaN,NaN
1653350400,1235955193675,1263182056179,1208808180031,1252883571793,NaN,NaN
1653436800,1253114806678,1277335949052,1229509299729,1242139179376,NaN,NaN
1653523200,1241985736669,1257866709947,1153315270115,1195922628839,NaN,NaN
1653609600,1194938529408,1211190281003,1146799508305,1169338870316,NaN,NaN
1653696000,1170075261991,1206780903794,1162301041795,1195584469353,NaN,NaN
1653782400,1195922332622,1218138867720,1178388604381,1208976103055,NaN,NaN
1653868800,1210061130147,1315118381843,1201798556147,1299686711018,NaN,NaN
1653955200,1300022629238,1326486691276,1269134257240,1293302221278,NaN,NaN
1654041600,1295120533265,1308829439184,1195577065982,1217025352905,NaN,NaN
1654128000,1216763442523,1254165188992,1202339572402,1239265197569,NaN,NaN
1654214400,1238836002812,1249190086973,1185249978001,1205111504872,NaN,NaN
1654300800,1204876590191,1221720462345,1189560479575,1214626453185,NaN,NaN
1654387200,1214708369191,1228758404697,1195990161750,1213801749462,NaN,NaN
1654473600,1214305881180,1284346250911,1209712346199,1256418778337,NaN,NaN
1654560000,1254533197214,1266657811811,1177250962505,1240884589933,NaN,NaN
1654646400,1240876756772,1254952009603,1201680605828,1217463805614,NaN,NaN
1654732800,1217398897738,1240351383763,1205372314275,1216015519163,NaN,NaN
1654819200,1215455112809,1228144151183,1156305192319,1165335542836,NaN,NaN
1654905600,1165515309385,1181625540912,1104791027503,1118753158515,NaN,NaN
1654992000,1119206727525,1127172612050,1048383556262,1054580582327,NaN,NaN
1655078400,1052963103563,1065815638276,896315262104,923958726912,NaN,NaN
1655164800,924283236658,961549935668,858403191529,920387656375,NaN,NaN
1655251200,919887111465,956999600894,833263451605,948068165690,NaN,NaN
1655337600,948320052517,963221554349,852102842747,860826476830,NaN,NaN
1655424000,861687618894,899275303151,853580701808,870151590323,NaN,NaN
1655510400,869938221467,881944722510,762827569514,818799872490,NaN,NaN
1655596800,819095583714,894101837101,782987436076,881392567803,NaN,NaN
1655683200,881139625188,906284233114,844162195084,885835077010,NaN,NaN
1655769600,885748520722,935632215814,874741353739,894627829327,NaN,NaN
1655856000,892650448141,901875379721,852080389326,861491838062,NaN,NaN
1655942400,862196653427,916939495948,858431891332,909469976434,NaN,NaN
1656028800,909526639880,949312419014,898268357577,933517397604,NaN,NaN
1656115200,933556423639,954159587199,912853714257,945057128678,NaN,NaN
1656201600,944643402272,966207195382,916727514838,921097014981,NaN,NaN
1656288000,921127329499,947515155054,901056268073,912053968152,NaN,NaN
1656374400,912192778735,934705781681,881192051195,885912368463,NaN,NaN
1656460800,885835947580,898087570390,861374275173,874811328564,NaN,NaN
1656547200,874076285854,879343025795,816142670095,865795356509,NaN,NaN
1656633600,866374833186,898389188380,832345009905,846199913777,NaN,NaN
1656720000,846844042962,858535338585,832446397065,848434369389,NaN,NaN
1656806400,848676832001,862963329079,829499217796,851058376595,NaN,NaN
1656892800,851103266487,893924384577,837359232724,888302470101,NaN,NaN
1656979200,888554639391,906170795326,849578406550,882134200214,NaN,NaN
1657065600,881832063390,907497055989,867297691864,901082650719,NaN,NaN
1657152000,901309319996,945500345744,889294810474,936040895930,NaN,NaN
1657238400,935790011293,965047237790,913922021987,929853777863,NaN,NaN
1657324800,929061691169,948053433788,921401467906,934010189794,NaN,NaN
1657411200,933784340089,935726671507,895716698902,905156521467,NaN,NaN
1657497600,905001383759,907792132712,862387447615,867195918596,NaN,NaN
1657584000,866581276547,874199670906,838194171711,841834712770,NaN,NaN
1657670400,841751630687,884142370989,824069461545,879605488619,NaN,NaN
1657756800,878873582578,914256063072,854745886272,902884820651,NaN,NaN
1657843200,902858533206,935124049657,893150679748,914351898385,NaN,NaN
1657929600,913800688305,964725642068,896886869298,945797296000,NaN,NaN
1658016000,945114897958,964609118674,925384859284,931287652653,NaN,NaN
1658102400,931157777526,1025868529009,929355287166,1013677214571,NaN,NaN
1658188800,1014719203467,1061437417609,978254483777,1034656334734,NaN,NaN
1658275200,1030000000000,1070000000000,1000000000000,1020000000000,NaN,NaN
1658361600,1020000000000,1040000000000,984000000000,1030000000000,NaN,NaN
1658448000,1030000000000,1060000000000,1000000000000,1010000000000,NaN,NaN
1658534400,1010000000000,1030000000000,981000000000,1010000000000,NaN,NaN
1658620800,1010000000000,1040000000000,1000000000000,1020000000000,NaN,NaN
1658707200,1020000000000,1020000000000,952000000000,956000000000,NaN,NaN
1658793600,955000000000,962000000000,924000000000,957000000000,NaN,NaN
1658880000,957000000000,1040000000000,945000000000,1030000000000,NaN,NaN
1658966400,1040000000000,1090000000000,1010000000000,1070000000000,NaN,NaN
1659052800,1070000000000,1110000000000,1050000000000,1080000000000,NaN,NaN
1659139200,1080000000000,1110000000000,1060000000000,1070000000000,NaN,NaN
1659225600,1070000000000,1100000000000,1050000000000,1060000000000,NaN,NaN
1659312000,1060000000000,1080000000000,1030000000000,1050000000000,NaN,NaN
1659398400,1050000000000,1070000000000,1020000000000,1040000000000,NaN,NaN
1659484800,1040000000000,1070000000000,1020000000000,1040000000000,NaN,NaN
1659571200,1040000000000,1060000000000,1020000000000,1040000000000,NaN,NaN
1659657600,1040000000000,1090000000000,1040000000000,1080000000000,NaN,NaN
1659744000,1080000000000,1090000000000,1060000000000,1060000000000,NaN,NaN
1659830400,1070000000000,1090000000000,1050000000000,1070000000000,NaN,NaN
1659916800,1080000000000,1130000000000,1070000000000,1100000000000,NaN,NaN
1660003200,1100000000000,1110000000000,1060000000000,1070000000000,NaN,NaN
1660089600,1070000000000,1130000000000,1050000000000,1120000000000,NaN,NaN
1660176000,1120000000000,1160000000000,1110000000000,1120000000000,NaN,NaN
1660262400,1120000000000,1150000000000,1100000000000,1140000000000,NaN,NaN
1660348800,1140000000000,1170000000000,1130000000000,1150000000000,NaN,NaN
1660435200,1150000000000,1180000000000,1120000000000,1140000000000,NaN,NaN
1660521600,1140000000000,1170000000000,1110000000000,1120000000000,NaN,NaN
1660608000,1120000000000,1140000000000,1100000000000,1120000000000,NaN,NaN
1660694400,1120000000000,1150000000000,1080000000000,1090000000000,NaN,NaN
1660780800,1090000000000,1110000000000,1070000000000,1080000000000,NaN,NaN
1660867200,1080000000000,1080000000000,974000000000,980000000000,NaN,NaN
1660953600,980000000000,1010000000000,962000000000,983000000000,NaN,NaN
1661040000,983000000000,1020000000000,978000000000,1000000000000,NaN,NaN
1661126400,1010000000000,1010000000000,969000000000,1000000000000,NaN,NaN
1661212800,1000000000000,1020000000000,978000000000,1010000000000,NaN,NaN
1661299200,1010000000000,1030000000000,991000000000,1010000000000,NaN,NaN
1661385600,1010000000000,1030000000000,1000000000000,1020000000000,NaN,NaN
1661472000,1020000000000,1030000000000,942000000000,952000000000,NaN,NaN
1661558400,951000000000,960000000000,928000000000,945000000000,NaN,NaN
1661644800,945000000000,955000000000,919000000000,922000000000,NaN,NaN
1661731200,922000000000,969000000000,917000000000,963000000000,NaN,NaN
1661817600,963000000000,981000000000,928000000000,946000000000,NaN,NaN
1661904000,947000000000,980000000000,942000000000,954000000000,NaN,NaN
1661990400,955000000000,970000000000,933000000000,963000000000,NaN,NaN
1662076800,962000000000,982000000000,943000000000,956000000000,NaN,NaN
1662163200,956099080314,963520302943,941016158202,952207888358,NaN,NaN
1662249600,952292280708,965173116287,942227541567,961832327290,NaN,NaN
1662336000,961805346420,974419613180,944256120823,963095075582,NaN,NaN
1662422400,955519793188,979270350073,908313413186,913712522915,NaN,NaN
1662508800,913616233831,952574579221,895324382959,942379445599,NaN,NaN
1662595200,943291770263,957090921128,927632600579,946569430651,NaN,NaN
1662681600,948002756672,1023178030005,944849221680,1008855514301,NaN,NaN
1662768000,1008934515529,1033459438847,998426082314,1023939218612,NaN,NaN
1662854400,1023934812106,1035124925885,1003714509525,1025628282365,NaN,NaN
1662940800,1025041089573,1049224338778,1003935793756,1030363034647,NaN,NaN
1663027200,1029949111822,1049255681260,941161155430,951422009473,NaN,NaN
1663113600,951099896451,975627702147,933437179366,963882731830,NaN,NaN
1663200000,963536017655,971797816529,914051165054,924711618994,NaN,NaN
1663286400,925200818049,936605737557,903742315915,925322970332,NaN,NaN
1663372800,925012081369,945974289947,919368062865,941760737053,NaN,NaN
1663459200,941271474146,944550601162,888205311252,895367919022,NaN,NaN
1663545600,894499094809,915832218425,856778388380,907061562696,NaN,NaN
1663632000,906880265325,914979693204,875028758785,884359780743,NaN,NaN
1663718400,884639664447,927078068321,846987999814,862381162903,NaN,NaN
1663804800,861718278538,913678380496,856734857868,904462083581,NaN,NaN
1663891200,904883995455,921210052341,870631942305,905614958606,NaN,NaN
1663977600,905616184588,915571438554,886997365045,893416646355,NaN,NaN
1664064000,893248891414,908112614322,875844996443,885847079159,NaN,NaN
1664150400,887752149442,909989992629,877020407625,902989171688,NaN,NaN
1664236800,903373930651,943994379356,882394782042,895840481722,NaN,NaN
1664323200,894833588277,917583669109,865053346972,903986511107,NaN,NaN
1664409600,904552658313,917814866565,878646652104,911400867058,NaN,NaN
1664496000,910432434566,933130566410,893287458172,905642351862,NaN,NaN
1664582400,904997335578,909598949483,891539852560,898547245407,NaN,NaN
1664668800,898497603577,904341893573,878715982974,884666729245,NaN,NaN
1664755200,884280236929,911294060431,877125357569,905951820771,NaN,NaN
1664841600,906291536358,937612841593,900618951602,931125435167,NaN,NaN
1664928000,931183145164,936510537037,905894562246,925662958230,NaN,NaN
1665014400,926078886174,940550993232,912426463422,918807081825,NaN,NaN
1665100800,919096795278,927230988465,896471735322,907896983238,NaN,NaN
1665187200,907993623397,913469337316,893837771606,901297606622,NaN,NaN
1665273600,901724847285,911762748893,895870389527,905531793571,NaN,NaN
1665360000,906659761133,913267708236,883045225827,887217622931,NaN,NaN
1665446400,886989126031,893707723244,871144376915,881281701239,NaN,NaN
1665532800,881784923051,892456458124,875518029716,885050352632,NaN,NaN
1665619200,885415637429,895872232752,832738039881,887015189953,NaN,NaN
1665705600,886310401540,913863994813,875181533479,882666849341,NaN,NaN
1665792000,882992301806,888084104811,870932431069,876252465445,NaN,NaN
1665878400,875685705677,893171309862,873115429751,885432406930,NaN,NaN
1665964800,885756680704,905556309769,878381049004,898343936707,NaN,NaN
1666051200,898320659588,906433241900,876284022260,888102644790,NaN,NaN
1666137600,886982809261,890519609605,870003436840,874591503022,NaN,NaN
1666224000,874918125482,886482100938,861777332205,870290635738,NaN,NaN
1666310400,869285354467,881117370836,851637428478,876612436289,NaN,NaN
1666396800,877058939954,884888300549,872353983703,880304582516,NaN,NaN
1666483200,880336147469,903700642910,872468241801,898319267006,NaN,NaN
1666569600,898515959112,903357064614,878766293537,888288216768,NaN,NaN
1666656000,889560519503,948841118836,883667975992,928199576773,NaN,NaN
1666742400,926747174520,972418042125,923890883150,959568324371,NaN,NaN
1666828800,959944125470,971693148605,933095922994,940115035253,NaN,NaN
1666915200,940238310016,969396464939,925816613554,959576758852,NaN,NaN
1667001600,960000552119,1002684620653,954615241326,981632897973,NaN,NaN
1667088000,981790435170,996535223846,962267442434,972427353939,NaN,NaN
1667174400,972922305740,994989322421,953961946350,971921639517,NaN,NaN
1667260800,971426854920,989755929625,960893357897,972406256471,NaN,NaN
1667347200,971648529672,989684518414,941606714949,951589796767,NaN,NaN
1667433600,951054395673,973864526138,943496256533,956242798234,NaN,NaN
1667520000,956944511215,1021458367672,953015753386,1009718084136,NaN,NaN
1667606400,1009385169306,1029953260907,998963412439,1010298242833,NaN,NaN
1667692800,1009945296909,1017500291139,978528518390,982002634807,NaN,NaN
1667779200,982611923624,1000844269275,959834837229,974862691482,NaN,NaN
1667865600,974538395270,993714988306,812793802958,876536622909,NaN,NaN
1667952000,875794662105,883392264804,736401198341,753891220057,NaN,NaN
1668038400,754644824824,870100640757,743264691044,841608589347,NaN,NaN
1668124800,840443139219,848184962233,785587904259,819260935087,NaN,NaN
1668211200,819050967522,824743122847,790075544700,803096163268,NaN,NaN
1668297600,801838360462,816520279312,773661002416,782478607665,NaN,NaN
1668384000,780300213313,817818257616,753122924853,793043480670,NaN,NaN
1668470400,793704778393,819351628062,786250372475,802772132080,NaN,NaN
1668556800,803847270720,813134090191,775113773709,790091957200,NaN,NaN
1668643200,790384077543,797641409933,772960821475,786667118262,NaN,NaN
1668729600,787808193556,803886814021,780471365008,790147674960,NaN,NaN
1668816000,791478301906,799161375980,780926267531,791259055609,NaN,NaN
1668902400,792224916739,797308842300,758314233943,763955786082,NaN,NaN
1668988800,764316427230,768881092087,727580780351,745262564088,NaN,NaN
1669075200,745546424057,769491592028,732184309561,763706974888,NaN,NaN
1669161600,765447551637,794875014619,759190376771,788192817237,NaN,NaN
1669248000,789309643179,802884609883,780521923853,791770083684,NaN,NaN
1669334400,792494983277,798423089675,776208350787,788963041262,NaN,NaN
1669420800,790762357910,807586201119,784474464457,790818252032,NaN,NaN
1669507200,792121672827,805014276230,785487590244,789878036834,NaN,NaN
1669593600,789382424487,793833550210,763751883470,776154165153,NaN,NaN
1669680000,776794278208,800099012487,769680662062,789456132632,NaN,NaN
1669766400,790297937043,827602693324,787172235552,820825557013,NaN,NaN
1669852800,820604738430,826099288981,804092069439,810707015342,NaN,NaN
1669939200,809815553617,820354211570,799985298849,817815237005,NaN,NaN
1670025600,817019911694,822491450799,799779339012,802281351209,NaN,NaN
1670112000,803112480701,819353597677,800113127102,814573179432,NaN,NaN
1670198400,814327107267,830553913941,801200746364,808068601102,NaN,NaN
1670284800,808151378509,816191470410,800329323348,811410972589,NaN,NaN
1670371200,811520869152,815463527444,788351185614,796168218385,NaN,NaN
1670457600,796451701992,819192358704,791174133230,814462914023,NaN,NaN
1670544000,815613063831,822755480780,805071259826,809684237465,NaN,NaN
1670630400,809763295958,819429252830,807092406559,810741720631,NaN,NaN
1670716800,810277622401,817701735589,803201878799,805672651667,NaN,NaN
1670803200,805081628694,812515523456,790231586989,807269294452,NaN,NaN
1670889600,808575760930,840981560726,795024686685,827212413212,NaN,NaN
1670976000,828271613828,848133526688,817892936673,824387763171,NaN,NaN
1671062400,823680437295,829140817769,800711802887,805517944618,NaN,NaN
1671148800,805099525295,812739151840,753128770219,760019084770,NaN,NaN
1671235200,760163906774,772211507023,753251617691,769615909682,NaN,NaN
1671321600,769371072001,775866370584,761907422936,768611952781,NaN,NaN
1671408000,768273875075,774271226849,744103432804,752587713428,NaN,NaN
1671494400,753023699402,781015025715,750290135788,773912028302,NaN,NaN
1671580800,773529118519,776372853025,763496155209,769180539737,NaN,NaN
1671667200,769355142904,776402587043,756376403189,770830468760,NaN,NaN
1671753600,771166733888,777629231277,766382950240,770041518133,NaN,NaN
1671840000,770482476326,774778001950,767701373975,771299629113,NaN,NaN
1671926400,771439260983,776296085566,762171545383,769935161734,NaN,NaN
1672012800,769970376907,777112435046,766189771611,774856705995,NaN,NaN
1672099200,775068487926,779461001389,759906519394,767508515745,NaN,NaN
1672185600,766996974033,770230591244,751310844119,756063293133,NaN,NaN
1672272000,755885320188,763422330286,749434360589,758267345718,NaN,NaN
1672358400,758341680724,761563487166,745800514187,757386994374,NaN,NaN
1672444800,757578341037,762827665624,752050700542,756149285783,NaN,NaN
1672531200,756244104676,761696417950,752469737250,759168248517,NaN,NaN
1672617600,759851683959,772717325931,752339446882,765636647121,NaN,NaN
1672704000,765379049757,771561768331,760111288249,766059468470,NaN,NaN
1672790400,765607265290,787827455490,763880945235,780530570159,NaN,NaN
1672876800,780427265929,783693823706,772194855540,777135572458,NaN,NaN
1672963200,776804847314,788921698547,767482756225,785043891962,NaN,NaN
1673049600,784957006658,788610467055,780508994480,783950773526,NaN,NaN
1673136000,784611708126,801964745588,780540260017,797791807032,NaN,NaN
1673222400,798740601480,822823186836,795452754088,806505162223,NaN,NaN
1673308800,807327320360,821921665430,801715965455,816156282125,NaN,NaN
1673395200,816227198076,842457128224,806365124511,837987972545,NaN,NaN
1673481600,838917500948,874336154709,828148656982,863558305551,NaN,NaN
1673568000,864227466521,902728990903,855575240822,896837209080,NaN,NaN
1673654400,897534156045,965173057547,892540693455,939630436398,NaN,NaN
1673740800,940778510521,949688370954,919202396784,938638692326,NaN,NaN
1673827200,938301039014,965840140369,921394866098,946509725696,NaN,NaN
1673913600,945844917077,966079331825,930219512055,943595328924,NaN,NaN
1674000000,942697478546,966616677658,905045734241,917259248608,NaN,NaN
1674086400,916912427493,942284147005,913697021947,936068266302,NaN,NaN
1674172800,935704514316,1000397146804,925986521827,995109591840,NaN,NaN
1674259200,994793756352,1018089686094,978072369140,989137790112,NaN,NaN
1674345600,989652831284,1012391611773,974009027155,991332011552,NaN,NaN
1674432000,992398840926,1014313749192,979684876150,1000362207880,NaN,NaN
1674518400,999773681220,1016351238634,966006710725,977057141779,NaN,NaN
1674604800,977292719382,1025607142617,960739786136,1001216452374,NaN,NaN
1674691200,1002361202031,1016508613041,988784425329,1001239411264,NaN,NaN
1674777600,1000314718627,1021536891292,978093143974,1006173754414,NaN,NaN
1674864000,1005487558548,1015699155573,989690219637,999374633910,NaN,NaN
1674950400,1000284162225,1040846278835,996218987481,1031327721029,NaN,NaN
1675036800,1031329328615,1036761226640,974880877705,991194151940,NaN,NaN
1675123200,991120785599,1015518951384,985373410447,1004665512585,NaN,NaN
1675209600,1004518742520,1036591309070,985062640818,1030500454551,NaN,NaN
1675296000,1031274843687,1062785292502,1018351934202,1026586374134,NaN,NaN
1675382400,1027874218484,1047201021021,1016171818660,1036277029579,NaN,NaN
1675468800,1035669114182,1051557065846,1025222607418,1035635328687,NaN,NaN
1675555200,1035592915361,1044211589675,1003585473279,1015778509028,NaN,NaN
1675641600,1015486300715,1031303266473,999300225027,1007364237510,NaN,NaN
1675728000,1007524522254,1042507678840,1004733614498,1036672508469,NaN,NaN
1675814400,1036802065115,1050533660496,1009143065337,1024672530992,NaN,NaN
1675900800,1025225654524,1032603189417,958262051410,969116838038,NaN,NaN
1675987200,968953511760,980831042511,950293250714,962329340560,NaN,NaN
1676073600,962302288845,978752993487,958126920238,974222920310,NaN,NaN
1676160000,974396783242,986833346361,958470852708,968047492284,NaN,NaN
1676246400,967098642436,975981846212,937852892295,960675149195,NaN,NaN
1676332800,961294714584,990230811797,949743043238,982654747543,NaN,NaN
1676419200,985606388530,1064391914541,977395210608,1061471412075,NaN,NaN
1676505600,1061866499837,1096004647223,1024070515868,1026256533298,NaN,NaN
1676592000,1027956974428,1084825517879,1021066683842,1067808301709,NaN,NaN
1676678400,1067794063670,1085297682502,1059746491335,1070406052671,NaN,NaN
1676764800,1071846827334,1098574874097,1054170939343,1063964234826,NaN,NaN
1676851200,1063519393856,1098352085549,1045327818972,1083320925474,NaN,NaN
1676937600,1085043535800,1100069138548,1048134876829,1064520783768,NaN,NaN
1677024000,1064181969812,1069659847956,1027714651222,1054997232513,NaN,NaN
1677110400,1056743074775,1074660202223,1036440117916,1049306767789,NaN,NaN
1677196800,1050739240409,1059726177272,1002817018320,1020229589158,NaN,NaN
1677283200,1021311372328,1024897857227,996088777559,1016048084452,NaN,NaN
1677369600,1016299973970,1042281584683,1010719896564,1034755800158,NaN,NaN
1677456000,1035989506724,1050213946787,1014975232358,1031687433647,NaN,NaN
1677542400,1031042210952,1038707926783,1009005911706,1015399141593,NaN,NaN
1677628800,1016162396150,1056631883358,1010529717394,1040372304149,NaN,NaN
1677715200,1040963904153,1051130883488,1015572496000,1031666742418,NaN,NaN
1677801600,1031155244611,1033494571357,969745700282,990260853022,NaN,NaN
1677888000,991551300567,1000893487913,974231062641,985078989622,NaN,NaN
1677974400,986873090744,1003633164748,978688933659,989094116329,NaN,NaN
1678060800,988562464031,997730946881,976235570374,988416827954,NaN,NaN
1678147200,989063654943,998542797026,965984737073,980911988969,NaN,NaN
1678233600,981718644126,988209210084,950688006653,958114584605,NaN,NaN
1678320000,958097600375,970932192667,890827437135,909790243036,NaN,NaN
1678406400,909588879167,917583126960,873246214296,908574244186,NaN,NaN
1678492800,907091157315,948397194999,883203849251,923957983363,NaN,NaN
1678579200,924626733436,994199714835,911265106925,983696371563,NaN,NaN
1678665600,985047563600,1062416822272,967143387800,1041411560718,NaN,NaN
1678752000,1041362229816,1119298139370,1030067058522,1062176703862,NaN,NaN
1678838400,1061713458365,1081493877780,1011134614155,1034531951228,NaN,NaN
1678924800,1034394646459,1067125539906,1024279982868,1056774828086,NaN,NaN
1679011200,1057628500291,1146470266543,1050006221035,1134125505979,NaN,NaN
1679097600,1134983066693,1156485471327,1103332244973,1113623129504,NaN,NaN
1679184000,1114259698238,1165838543519,1109057236879,1141599300992,NaN,NaN
1679270400,1141146615188,1164532565308,1106499036768,1124377217070,NaN,NaN
1679356800,1124915792135,1172639031334,1106897849277,1154024560845,NaN,NaN
1679443200,1154133446075,1180056192271,1094721166491,1119838182806,NaN,NaN
1679529600,1119876737964,1181860821592,1109012400184,1157242392722,NaN,NaN
1679616000,1157358768925,1169390971658,1102482672073,1121235439648,NaN,NaN
1679702400,1120123888604,1135325046776,1101665572509,1116337670385,NaN,NaN
1679788800,1116331434982,1147230070375,1112031760147,1136380155160,NaN,NaN
1679875200,1135596498094,1145611020321,1078852532589,1101530060558,NaN,NaN
1679961600,1100610947999,1128079759606,1084414745564,1117069633077,NaN,NaN
1680048000,1117085263716,1167016662489,1115035680398,1149669478314,NaN,NaN
1680134400,1151679221289,1177787655894,1124148010600,1140733788538,NaN,NaN
1680220800,1137883534981,1165213925442,1121142531415,1153659468555,NaN,NaN
1680307200,1153390026366,1169253072344,1139771281088,1151272386364,NaN,NaN
1680393600,1151442356034,1160011574314,1126917489659,1141308604200,NaN,NaN
1680480000,1140345511076,1163803024651,1107664552263,1135700370852,NaN,NaN
1680566400,1136214123909,1166772738247,1127258214966,1152248329256,NaN,NaN
1680652800,1153087175143,1186336280019,1141217343836,1159762353572,NaN,NaN
1680739200,1159767624634,1165904511076,1132141000800,1144339974507,NaN,NaN
1680825600,1148311700497,1155056539428,1131012921148,1143211581105,NaN,NaN
1680912000,1143352190827,1153874046145,1134178463870,1140485248830,NaN,NaN
1680998400,1141032045906,1158980030304,1131767038911,1150834712593,NaN,NaN
1681084800,1150132910731,1192994533326,1139729040760,1187171019360,NaN,NaN
1681171200,1187687670229,1218090967999,1178392015536,1197449792525,NaN,NaN
1681257600,1197761153980,1213064485563,1174058114284,1193105752891,NaN,NaN
1681344000,1193769892045,1229938831018,1187472649910,1221273967929,NaN,NaN
1681430400,1220811622635,1260338183316,1206249759814,1238390764887,NaN,NaN
1681516800,1238309863528,1248318835160,1224334122133,1235754099351,NaN,NaN
1681603200,1235120253178,1254975323896,1224779524461,1243600208126,NaN,NaN
1681689600,1242601837957,1248133133360,1202993551476,1213930041612,NaN,NaN
1681776000,1213807867214,1251170026057,1201118881843,1241921565088,NaN,NaN
1681862400,1242145826342,1245778537007,1159203206674,1172490159806,NaN,NaN
1681948800,1173683132837,1192305061370,1142724099902,1156455489478,NaN,NaN
1682035200,1156848324684,1166016151514,1107386701482,1116543611082,NaN,NaN
1682121600,1116312542304,1142615654398,1110538657862,1137340960357,NaN,NaN
1682208000,1137206444695,1140092228310,1114630455715,1128920339491,NaN,NaN
1682294400,1127842710942,1147037404656,1103076198617,1123697910260,NaN,NaN
1682380800,1123266032659,1153425280234,1106167310238,1147069429623,NaN,NaN
1682467200,1147244185829,1202683995746,1101948524092,1144444467908,NaN,NaN
1682553600,1144603137706,1190078210204,1140360660956,1172953719830,NaN,NaN
1682640000,1172997483555,1181793929036,1151504797699,1167761755454,NaN,NaN
1682726400,1168218836783,1178141875746,1157303081078,1167595074769,NaN,NaN
1682812800,1167800395657,1192730025561,1155112741452,1162883940336,NaN,NaN
1682899200,1163108343230,1170537384725,1114763887662,1130188703827,NaN,NaN
1682985600,1129546634177,1157312597241,1121122352673,1148584206449,NaN,NaN
1683072000,1148881026846,1175006689864,1126890659116,1162419035988,NaN,NaN
1683158400,1162980549300,1174912786944,1144763466351,1152221850938,NaN,NaN
1683244800,1153268265271,1193514454865,1148669960201,1184204472626,NaN,NaN
1683331200,1184702837227,1196351654571,1135756216238,1154642820546,NaN,NaN
1683417600,1154693271965,1168748787085,1140035905512,1143885750360,NaN,NaN
1683504000,1143131463958,1152166109444,1093730593505,1114432029015,NaN,NaN
1683590400,1115925426201,1125893539525,1100512496208,1112774279316,NaN,NaN
1683676800,1112788132735,1138512100874,1080659989921,1115048936866,NaN,NaN
1683763200,1115261904085,1118080932865,1073612613753,1088634990822,NaN,NaN
1683849600,1090879609275,1103196917682,1053657168175,1091062664688,NaN,NaN
1683936000,1091813025013,1097503689708,1079589761428,1086813309369,NaN,NaN